date,pm2_5,pm10,o3,no2,so2,co,temp,pressure,humidity,wind_speed,clouds
2022-04-02,4.7629166666666700,5.493333333333330,73.52208333333330,9.017916666666670,10.755833333333300,302.35375,274.55,1006,61,6.17,0
2022-04-03,11.500833333333300,13.555833333333300,71.64458333333330,13.651666666666700,16.185,349.36083333333300,274.36,1012,63,4.12,0
2022-04-04,7.756666666666670,9.540416666666670,77.27833333333330,10.434583333333300,10.160416666666700,303.1891666666670,277.75,995,58,7.2,0
2022-04-05,4.225416666666670,5.233333333333330,80.55625,9.517916666666670,8.685,290.9495833333330,277.6,997,66,2.57,0
2022-04-06,11.009583333333300,13.282916666666700,32.1475,19.760416666666700,18.087500000000000,365.0779166666670,282.51,997,86,3.09,0
2022-04-07,6.87625,8.767083333333330,56.92291666666670,11.324583333333300,9.5,277.7383333333330,286.96,982,65,6.69,40
2022-04-08,2.297916666666670,3.1441666666666700,66.77166666666670,9.185416666666670,8.275,272.4533333333330,278.96,992,76,2.57,0
2022-04-09,5.541250000000000,6.7229166666666700,61.13875000000000,11.620416666666700,11.026250000000000,300.96416666666700,277.72,1002,61,2.57,0
2022-04-10,4.343750000000000,5.666250000000000,68.96250000000000,8.864583333333330,7.8762500000000000,290.3945833333330,275.51,1012,77,2.06,0
2022-04-11,13.851666666666700,17.04125,47.98208333333330,20.026250000000000,20.722916666666700,399.98708333333300,277.39,1016,80,2.06,20
2022-04-12,39.73583333333330,47.29333333333330,32.74125,33.55125,63.80166666666670,664.6508333333330,278.19,1020,57,1.03,0
2022-04-13,31.96041666666670,38.84041666666670,38.021250000000000,27.56083333333330,37.15333333333330,536.0045833333330,281.78,1019,53,1.34,0
2022-04-14,20.381666666666700,24.10041666666670,64.19416666666670,18.82875,19.70458333333330,365.0779166666670,286.84,1014,46,1.54,0
2022-04-15,21.317083333333300,23.74166666666670,52.45208333333330,16.309166666666700,14.7125,344.35625,281.23,1017,88,8.23,75
2022-04-16,6.411666666666670,7.722916666666670,68.00833333333330,11.455,13.226666666666700,317.09708333333300,279.49,1024,55,5.14,0
2022-04-17,8.852500000000000,10.830833333333300,63.59791666666670,15.327916666666700,16.97875,334.6195833333330,278.69,1016,48,2.06,0
2022-04-18,11.954583333333300,15.439583333333300,53.27125000000000,19.288750000000000,20.463750000000000,384.41041666666700,279.07,1010,65,3.09,20
2022-04-19,47.84375,53.430416666666700,45.42958333333330,30.870833333333300,93.10291666666670,747.8195833333330,278.22,1011,78,4.63,20
2022-04-20,27.438333333333300,31.892916666666700,27.198750000000000,27.70416666666670,31.11875000000000,513.0575,279.93,1009,94,3.6,100
2022-04-21,16.338333333333300,19.17291666666670,21.987916666666700,24.462500000000000,27.139583333333300,406.9412500000000,281.68,1009,84,1.54,20
2022-04-22,13.601250000000000,16.60166666666670,43.63125,18.968750000000000,21.420000000000000,389.9729166666670,280.02,1009,78,2.57,0
2022-04-23,6.868333333333340,8.491250000000000,54.44916666666670,12.648333333333300,12.876250000000000,303.18958333333300,281.67,1004,77,3.6,75
2022-04-24,8.076666666666670,9.877500000000000,60.781666666666700,11.588333333333300,12.825000000000000,294.2879166666670,283.61,1001,79,4.63,75
2022-04-25,6.668333333333330,8.18875,52.42291666666670,13.304166666666700,15.311250000000000,297.62625,282.16,1007,85,2.57,75
2022-04-26,29.055000000000000,33.306666666666700,30.03833333333330,25.53625,35.116666666666700,507.0758333333330,282.28,1017,81,2.06,0
2022-04-27,18.74,23.661666666666700,41.01541666666670,25.262500000000000,29.172500000000000,435.8687500000000,282.95,1022,67,2.57,0
2022-04-28,23.127500000000000,28.47583333333330,40.76541666666670,27.8,36.786250000000000,479.4004166666670,282.6,1026,63,2.06,0
2022-04-29,62.60916666666670,71.65958333333330,27.721666666666700,40.69166666666670,119.59708333333300,847.9558333333330,282.84,1023,75,1.03,0
2022-04-30,80.79791666666670,90.04708333333330,41.196666666666700,36.815416666666700,58.43791666666670,861.7237500000000,283.72,1020,57,1.03,0
2022-05-01,17.230416666666700,20.6875,51.36375,20.13,23.703333333333300,379.68125000000000,285.37,1015,61,1.03,0
2022-05-02,29.925000000000000,35.60666666666670,39.95791666666670,27.94458333333330,44.17666666666670,492.05750000000000,285.09,1013,64,1.54,0
2022-05-03,23.966250000000000,28.807500000000000,55.25625,25.324166666666700,34.3475,450.82,284.13,1015,61,3.6,0
2022-05-04,8.810416666666670,11.418333333333300,58.80291666666670,14.88875,15.587083333333300,316.5400000000000,284.03,1018,43,4.63,0
2022-05-05,4.2725,5.542083333333330,80.85291666666660,9.454583333333330,10.400833333333300,252.14750000000000,288.64,1018,51,4.12,0
2022-05-06,12.455833333333300,14.669583333333300,54.33000000000000,15.19041666666670,14.488750000000000,294.42625000000000,285.15,1020,68,1.54,0
2022-05-07,18.141666666666700,22.32416666666670,36.082916666666700,21.954166666666700,27.80125,429.88916666666700,286.84,1018,73,0.0,0
2022-05-08,8.617916666666670,11.115000000000000,56.70916666666670,14.576250000000000,14.187500000000000,303.11958333333300,285.92,1024,54,5.66,0
2022-05-09,4.700833333333330,6.427083333333330,68.8425,9.707083333333330,12.597500000000000,267.7233333333330,283.48,1024,43,3.09,0
2022-05-10,15.20375,18.85166666666670,57.440416666666700,22.48375,31.943333333333300,406.52375,286.37,1013,46,3.09,0
2022-05-11,14.909583333333300,17.973750000000000,58.36666666666670,21.437916666666700,22.507500000000000,344.3554166666670,292.68,1007,58,2.57,0
2022-05-12,8.584583333333330,10.457500000000000,78.77,10.3925,14.008333333333300,278.2933333333330,286.6,1014,63,2.57,0
2022-05-13,12.861666666666700,16.617083333333300,59.52625000000000,17.310000000000000,27.855833333333300,360.07083333333300,286.16,1012,81,4.12,20
2022-05-14,3.8712500000000000,5.182083333333340,80.04958333333330,5.664583333333330,5.395833333333330,228.57416666666700,284.83,1013,69,3.09,0
2022-05-15,5.462083333333330,7.790416666666670,74.32250000000000,9.540416666666670,12.115416666666700,272.1745833333330,286.41,1016,61,1.54,0
2022-05-16,11.420000000000000,14.622500000000000,47.69750000000000,21.245000000000000,26.991666666666700,367.58125,286.29,1018,51,1.03,0
2022-05-17,5.501666666666670,7.270833333333330,65.21583333333330,11.805000000000000,13.185833333333300,284.8300000000000,282.18,1022,45,7.2,0
2022-05-18,11.493333333333300,14.254583333333300,57.63958333333330,18.885833333333300,27.089583333333300,370.0850000000000,283.79,1025,49,0.0,0
2022-05-19,20.22333333333330,24.415833333333300,70.71166666666670,24.42375,27.62666666666670,379.5429166666670,288.69,1018,50,2.06,0
2022-05-20,9.792500000000000,11.918333333333300,78.67041666666670,13.143750000000000,16.298750000000000,284.7620833333330,290.76,1009,63,1.03,0
2022-05-21,6.725833333333330,8.242916666666670,60.63666666666670,10.178750000000000,7.610000000000000,267.02875000000000,285.2,1007,86,6.69,40
2022-05-22,2.9391666666666700,3.414166666666670,75.72916666666670,4.030833333333330,3.6875000000000000,220.2983333333330,283.68,1010,84,6.69,75
2022-05-23,11.97125,14.288333333333300,50.26458333333330,20.183333333333300,23.85375,340.04375,286.4,1007,72,2.06,0
2022-05-24,6.835,8.237916666666670,71.13708333333330,9.0825,9.761666666666670,243.94083333333300,287.86,1009,90,3.09,75
2022-05-25,11.505833333333300,13.136250000000000,37.87166666666670,16.568750000000000,15.904583333333300,304.1625000000000,285.27,1012,93,1.54,75
2022-05-26,7.904166666666670,9.234166666666670,69.02208333333330,6.6816666666666700,6.730833333333330,230.7295833333330,288.87,1013,70,6.17,0
2022-05-27,5.958750000000000,6.986250000000000,65.1475,7.673333333333340,6.90625,230.86875000000000,282.56,1007,76,3.09,0
2022-05-28,1.8325000000000000,2.4025000000000000,72.06208333333340,4.223333333333330,4.20375,213.76166666666700,282.75,1008,91,4.63,0
2022-05-29,15.739166666666700,18.127916666666700,45.70375000000000,15.795833333333300,24.257500000000000,390.59791666666700,285.66,1009,79,1.03,0
2022-05-30,13.138750000000000,15.755000000000000,34.85333333333330,18.952916666666700,19.465833333333300,332.67375,282.39,1012,89,1.54,0
2022-05-31,18.287083333333300,22.050833333333300,49.65625000000000,20.473333333333300,26.81416666666670,402.35125000000000,288.45,1014,60,3.6,0
2022-06-01,12.12,13.797916666666700,66.72791666666670,15.5575,12.378333333333300,278.64125000000000,286.46,1012,76,21.01,0
2022-06-02,12.803333333333300,14.977500000000000,51.29125,17.350833333333300,14.998333333333300,308.8208333333330,285.03,1019,80,0.0,0
2022-06-03,21.541666666666700,26.265416666666700,42.69875,29.63833333333330,45.080833333333300,453.0458333333330,289.31,1019,64,2.06,0
2022-06-04,9.287500000000000,10.773333333333300,72.67291666666670,9.791666666666670,8.885,230.9391666666670,292.01,1017,66,5.14,0
2022-06-05,6.755,8.316666666666670,71.18250000000000,10.070000000000000,11.10458333333330,232.05041666666700,290.27,1015,62,2.57,0
2022-06-06,7.5683333333333300,9.030833333333340,69.00708333333330,10.932083333333300,10.585,231.21708333333300,293.35,1013,71,2.06,0
2022-06-07,18.049583333333300,20.395,39.69875,31.835416666666700,27.02291666666670,365.0783333333330,291.54,1010,88,2.57,20
2022-06-08,19.27958333333330,21.769166666666700,36.163333333333300,22.172916666666700,19.67916666666670,392.33708333333300,290.52,1007,92,0.0,100
2022-06-09,16.1,19.25041666666670,27.91708333333330,20.738333333333300,18.462083333333300,342.54750000000000,292.8,1008,93,4.63,20
2022-06-10,7.731666666666670,8.74708333333333,46.17583333333330,8.659166666666670,7.361250000000000,230.24291666666700,290.82,1017,88,3.6,0
2022-06-11,7.080000000000000,8.155833333333330,66.98833333333330,7.934583333333330,7.734583333333330,220.23,290.83,1019,77,1.54,0
2022-06-12,13.752083333333300,17.102916666666700,40.15625000000000,18.167083333333300,17.0975,318.5570833333330,291.77,1015,68,1.54,0
2022-06-13,12.365416666666700,13.887916666666700,50.057500000000000,12.045833333333300,9.818750000000000,253.81625000000000,285.75,1012,94,3.09,0
2022-06-14,2.922916666666670,3.9845833333333300,66.16166666666670,5.176666666666670,4.362083333333330,187.61666666666700,286.31,1016,78,2.57,0
2022-06-15,6.0075,7.8495833333333300,50.18416666666670,11.49,11.127083333333300,243.24583333333300,287.55,1017,84,0.0,0
2022-06-16,13.997500000000000,17.007500000000000,40.63375,23.105833333333300,19.495000000000000,338.4445833333330,289.8,1014,85,4.12,0
2022-06-17,5.8304166666666700,7.350416666666670,62.026250000000000,9.931666666666670,8.938750000000000,214.52750000000000,289.25,1019,79,1.03,0
2022-06-18,8.215833333333330,10.222916666666700,63.35166666666670,9.107083333333330,7.464166666666670,210.42500000000000,294.53,1011,66,2.57,0
2022-06-19,11.15041666666670,13.726666666666700,105.41000000000000,4.574583333333340,5.315000000000000,195.12541666666700,298.08,1005,56,3.09,0
2022-06-20,8.172916666666670,9.776666666666670,71.43625000000000,11.597500000000000,11.741666666666700,219.46416666666700,289.58,1003,94,6.17,75
2022-06-21,2.2450000000000000,2.6837500000000000,60.79791666666670,4.670000000000000,3.6441666666666700,181.98166666666700,286.16,1007,88,3.6,0
2022-06-22,6.922083333333330,8.957916666666670,53.83666666666670,10.102500000000000,10.084166666666700,223.21833333333300,290.43,1009,70,2.06,0
2022-06-23,14.239583333333300,18.200833333333300,38.955833333333300,22.042500000000000,25.094583333333300,350.7541666666670,292.26,1014,67,2.06,0
2022-06-24,8.434166666666670,10.853333333333300,47.83375,10.865833333333300,10.665416666666700,234.27625,293.7,1012,57,3.09,0
2022-06-25,7.173750000000000,8.665416666666670,55.10125,12.151666666666700,13.55625,229.89583333333300,296.84,1011,56,3.09,0
2022-06-26,5.9725,7.052916666666670,75.54958333333330,6.805416666666670,7.416250000000000,188.24250000000000,296.95,1015,58,3.09,0
2022-06-27,5.6795833333333300,7.033333333333330,67.24916666666670,7.527083333333330,8.183333333333340,191.92708333333300,298.26,1015,52,2.06,0
2022-06-28,8.648750000000000,10.023333333333300,62.375,11.522916666666700,10.272083333333300,224.7491666666670,293.62,1016,92,3.09,20
2022-06-29,12.280416666666700,13.811666666666700,67.44291666666670,15.68625,16.08416666666670,264.3875,295.02,1012,84,3.6,0
2022-06-30,8.944583333333330,10.647083333333300,50.59458333333330,11.845833333333300,11.398333333333300,244.2195833333330,298.41,1009,57,3.6,0
2022-07-01,4.625000000000000,5.453333333333330,63.37416666666670,7.05375,5.64875,196.72541666666700,297.75,1012,65,1.54,20
2022-07-02,4.802916666666670,5.220416666666670,58.04,8.20125,4.718750000000000,204.44500000000000,291.33,1021,85,2.57,40
2022-07-03,6.055,7.522916666666670,70.60416666666670,11.807916666666700,10.4575,207.64375000000000,293.12,1015,84,1.03,0
2022-07-04,8.4175,10.376666666666700,64.34083333333330,16.642916666666700,11.504583333333300,241.7170833333330,294.52,1013,78,0.51,0
2022-07-05,9.003333333333330,10.205416666666700,58.695000000000000,15.679166666666700,11.027916666666700,234.41500000000000,289.89,1013,92,2.06,100
2022-07-06,3.422083333333330,4.041250000000000,62.65875,7.020833333333330,5.514166666666670,183.23458333333300,288.85,1014,84,2.57,0
2022-07-07,4.573333333333330,6.135833333333330,47.355416666666700,13.400000000000000,8.126666666666670,212.1620833333330,291.14,1014,67,2.06,0
2022-07-08,5.50875,6.974583333333330,38.765,11.2975,7.232500000000000,205.7658333333330,288.17,1018,91,2.57,0
2022-07-09,1.8525000000000000,2.645416666666670,53.048333333333300,5.245,3.22875,167.5891666666670,288.7,1014,78,2.06,0
2022-07-10,1.9570833333333300,2.51875,46.4775,4.3620833333333300,2.9879166666666700,167.45041666666700,285.26,1012,91,3.6,20
2022-07-11,2.134583333333330,2.7233333333333300,40.53166666666670,6.225833333333330,4.143750000000000,176.62875,285.89,1013,87,4.12,0
2022-07-12,2.097916666666670,2.5254166666666700,46.2825,4.390833333333330,2.725,166.26791666666700,291.9,1010,58,8.23,100
2022-07-13,4.7625,5.814166666666670,78.05250000000000,3.9100000000000000,2.702083333333330,159.1733333333330,293.93,1011,70,2.06,0
2022-07-14,5.948333333333330,7.7437500000000000,63.59375000000000,9.360416666666670,6.100833333333330,193.11000000000000,292.63,1009,52,3.6,0
2022-07-15,2.7158333333333300,3.855000000000000,51.845833333333300,7.262083333333330,4.658333333333330,185.18250000000000,287.9,1014,64,2.06,0
2022-07-16,2.68875,3.6679166666666700,53.34625000000000,6.452500000000000,3.6837500000000000,179.89625000000000,284.24,1014,90,5.14,75
2022-07-17,2.8608333333333300,3.6175000000000000,49.27791666666670,6.36,4.38375,182.19250000000000,289.51,1020,67,2.57,0
2022-07-18,3.8475,5.565416666666670,43.29541666666670,10.59875,6.013750000000000,204.30500000000000,292.68,1018,67,1.54,0
2022-07-19,8.21375,10.805833333333300,61.32416666666670,13.332500000000000,9.138333333333330,225.6525,294.64,1017,68,0.51,0
2022-07-20,14.953333333333300,19.046666666666700,15.946666666666700,23.36,9.973333333333330,292.62000000000000,296.34,1018,53,4.12,0
2022-07-21,11.832619047619000,15.049761904761900,49.33,17.6080952380953,9.319523809523810,274.022380952381,296.28,1013,67,2.06,0
2022-07-22,8.711904761904760,11.052857142857100,82.71333333333330,11.856190476190500,8.665714285714290,255.4247619047620,297.34,1012,64,1.03,0
2022-07-23,8.995000000000000,10.737916666666700,68.7525,15.100416666666700,11.978750000000000,293.0366666666670,292.67,1012,92,4.12,0
2022-07-24,3.2737500000000000,3.904583333333330,65.68458333333330,4.84625,3.225833333333330,203.61000000000000,291.21,1015,82,2.06,0
2022-07-25,7.724166666666670,9.848333333333330,49.95583333333330,18.227083333333300,14.907500000000000,281.3529166666670,295.13,1008,61,4.12,0
2022-07-26,7.36625,8.610833333333330,63.867500000000000,10.457916666666700,6.215416666666670,226.9745833333330,290.93,1008,92,2.06,0
2022-07-27,2.9162500000000000,4.494166666666670,59.469166666666700,7.069583333333330,5.179583333333330,192.34458333333300,290.78,1013,61,3.6,0
2022-07-28,4.569166666666670,7.1000000000000000,47.82458333333330,12.264166666666700,9.206250000000000,224.81875,290.03,1017,71,1.54,0
2022-07-29,4.187083333333330,5.639583333333330,43.44458333333330,9.310833333333330,6.167083333333340,198.8108333333330,292.8,1015,57,4.63,0
2022-07-30,3.0733333333333300,3.4825000000000000,53.67375000000000,4.926666666666670,3.2687500000000000,175.02958333333300,289.86,1008,91,3.09,75
2022-07-31,2.945,3.2254166666666700,41.365833333333300,4.94375,3.397916666666670,174.88916666666700,288.07,1009,95,4.63,75
2022-08-01,8.944166666666670,10.761250000000000,53.66125,12.673333333333300,12.628333333333300,249.50541666666700,293.51,1012,78,0.51,0
2022-08-02,22.814583333333300,27.32875,34.56791666666670,22.594583333333300,36.627083333333300,417.1616666666670,292.76,1015,85,1.54,0
2022-08-03,40.922083333333300,47.03583333333340,31.77083333333330,40.37041666666670,44.52541666666670,581.2045833333330,294.64,1015,77,2.06,0
2022-08-04,12.055,14.483750000000000,69.54,12.793333333333300,11.675833333333300,245.61083333333300,295.21,1014,62,2.06,0
2022-08-05,10.98375,13.121666666666700,62.970416666666700,16.16541666666670,14.358750000000000,265.5683333333330,297.54,1010,70,2.57,0
2022-08-06,6.621666666666670,7.825000000000000,49.219166666666700,10.005,7.633333333333330,223.00958333333300,289.85,1022,89,1.54,40
2022-08-07,11.01625,13.410416666666700,40.267916666666700,15.61,26.782083333333300,326.4141666666670,289.15,1021,79,1.03,0
2022-08-08,10.979166666666700,14.27458333333330,32.4125,19.531250000000000,22.28791666666670,305.8320833333330,292.82,1023,61,4.12,0
2022-08-09,7.03875,9.086250000000000,47.2175,14.226666666666700,14.474166666666700,237.75291666666700,291.96,1023,77,2.57,0
2022-08-10,8.455416666666670,10.520833333333300,40.89375,15.115000000000000,15.22541666666670,248.46375,291.57,1021,74,2.57,0
2022-08-11,8.179166666666670,10.26375,37.05083333333330,14.095416666666700,13.470833333333300,246.5154166666670,292.27,1020,78,1.54,0
2022-08-12,5.3379166666666700,6.3737500000000000,48.19083333333330,9.852083333333330,8.16125,213.41500000000000,293.18,1016,91,2.57,40
2022-08-13,10.379583333333300,11.616666666666700,63.18083333333330,9.269583333333330,7.964583333333330,218.76875000000000,293.64,1011,87,3.09,0
2022-08-14,5.890416666666670,6.637083333333330,47.519583333333300,6.567916666666670,5.748750000000000,212.58000000000000,293.91,1007,88,1.54,0
2022-08-15,4.781250000000000,5.672083333333330,30.361666666666700,7.910000000000000,6.707083333333330,220.64541666666700,296.58,1006,83,2.57,0
2022-08-16,12.676666666666700,14.441666666666700,24.26625,16.530000000000000,16.761666666666700,288.79541666666700,296.14,1007,84,2.57,0
2022-08-17,16.887083333333300,20.029583333333300,25.08708333333330,16.232916666666700,24.490416666666700,372.17125000000000,296.31,1010,83,2.06,0
2022-08-18,14.176250000000000,18.017083333333300,39.44833333333330,14.315000000000000,18.319583333333300,331.2120833333330,297.38,1010,78,3.09,0
2022-08-19,7.2145833333333300,8.7575,59.55916666666670,7.1504166666666700,6.437916666666670,219.53458333333300,297.84,1011,61,5.14,0
2022-08-20,5.754166666666670,7.081666666666670,57.10208333333330,5.852500000000000,5.267083333333340,199.64666666666700,297.22,1009,69,4.63,0
2022-08-21,4.302916666666670,5.517916666666670,43.86166666666670,8.295416666666670,7.792916666666670,216.61250000000000,295.11,1008,80,1.54,20
2022-08-22,5.589583333333330,7.107500000000000,32.86083333333330,11.165833333333300,10.197083333333300,246.44500000000000,295.07,1010,83,3.09,0
2022-08-23,22.7175,51.025000000000000,33.651666666666700,17.11083333333330,15.64625,278.36375000000000,295.31,1013,86,2.57,0
2022-08-24,32.69041666666670,66.925,19.820833333333300,24.311666666666700,22.922500000000000,349.7795833333330,294.97,1017,86,5.14,75
2022-08-25,15.327916666666700,22.2075,49.30875,11.685,11.84375,252.70291666666700,297.04,1013,55,1.54,0
2022-08-26,10.512500000000000,14.225000000000000,52.97666666666670,13.165833333333300,14.846666666666700,278.29375000000000,296.46,1010,58,2.57,0
2022-08-27,13.978333333333300,16.824583333333300,45.45750000000000,19.132083333333300,19.421250000000000,307.1520833333330,295.71,1009,57,2.06,0
2022-08-28,18.362083333333300,22.135833333333300,62.961666666666700,11.51625,11.335000000000000,260.0745833333330,293.63,1009,83,1.54,0
2022-08-29,8.659583333333330,9.93625,56.23666666666670,7.512083333333340,5.449583333333330,220.43750000000000,291.01,1014,81,3.6,0
2022-08-30,2.914583333333330,3.9670833333333300,46.92416666666670,7.106666666666670,5.5370833333333300,196.93291666666700,290.48,1017,86,4.12,0
2022-08-31,3.1812500000000000,4.274166666666670,38.70583333333330,9.932500000000000,9.779583333333340,214.7341666666670,289.47,1017,72,4.63,0
2022-09-01,5.735833333333330,7.356250000000000,34.593333333333300,14.082916666666700,16.207500000000000,256.18125000000000,286.34,1018,77,2.57,0
2022-09-02,8.6275,11.784583333333300,33.89583333333330,17.9,22.311666666666700,304.8575,286.88,1018,68,2.57,0
2022-09-03,7.932916666666670,11.04166666666670,35.65833333333330,16.477500000000000,18.583750000000000,290.39458333333300,287.69,1017,61,2.06,0
2022-09-04,9.468750000000000,12.190833333333300,41.25333333333330,11.961666666666700,14.588750000000000,284.4820833333330,289.02,1023,58,5.14,0
2022-09-05,5.946250000000000,8.04125,51.14000000000000,13.244583333333300,17.557916666666700,258.75416666666700,286.92,1023,62,4.63,0
2022-09-06,5.866250000000000,8.19375,50.25333333333330,13.005416666666700,16.113333333333300,256.4591666666670,285.34,1019,57,3.09,0
2022-09-07,6.493750000000000,8.744166666666670,55.089166666666700,13.411250000000000,16.115,260.63125000000000,287.04,1015,49,3.09,0
2022-09-08,4.279583333333330,5.585000000000000,66.92083333333330,7.323333333333330,7.890000000000000,208.68583333333300,291.02,1011,38,6.17,75
2022-09-09,6.724166666666670,7.971666666666670,48.63750000000000,11.037083333333300,10.372083333333300,228.99000000000000,286.54,1013,91,4.63,100
2022-09-10,6.1000000000000000,7.55,27.104583333333300,10.64875,10.803750000000000,226.00125,285.74,1008,90,1.03,75
2022-09-11,6.135416666666660,6.829583333333330,41.03708333333330,9.35875,7.745833333333330,214.17875,286.01,1007,78,6.17,75
2022-09-12,17.8825,20.419166666666700,41.737500000000000,18.89166666666670,25.215,377.80375,284.19,1011,91,1.03,90
2022-09-13,42.46916666666670,48.0525,23.39125,27.221666666666700,53.45583333333330,605.1958333333330,289.21,1003,85,2.06,0
2022-09-14,12.5525,15.32,41.34916666666670,16.688333333333300,16.940833333333300,303.7441666666670,287.4,999,88,0.0,0
2022-09-15,8.618333333333330,13.086666666666700,43.170000000000000,15.013750000000000,13.089166666666700,263.2058333333330,287.74,998,84,3.09,0
2022-09-16,3.4512500000000000,5.348333333333330,58.202916666666700,8.036250000000000,6.8691666666666700,205.48666666666700,284.16,999,82,2.57,0
2022-09-17,3.7579166666666700,5.013333333333330,43.67541666666670,9.910833333333330,7.133333333333330,218.28291666666700,283.57,999,92,2.06,0
2022-09-18,3.0258333333333300,4.120416666666670,34.97291666666670,8.3325,5.52375,206.66958333333300,283.46,1001,91,3.6,40
2022-09-19,3.8120833333333300,5.074166666666670,36.56750000000000,10.520416666666700,7.5304166666666700,219.8116666666670,283.11,1007,92,3.6,75
2022-09-20,4.517500000000000,6.1500000000000000,24.322916666666700,11.981666666666700,9.809166666666670,228.15625,283.22,1014,92,3.09,0
2022-09-21,4.150416666666670,5.471666666666670,19.625,12.630416666666700,10.071666666666700,226.90541666666700,283.82,1017,90,2.57,0
2022-09-22,7.978333333333330,9.867916666666670,14.14625,15.569166666666700,15.3775,269.11500000000000,282.55,1018,87,3.09,0
2022-09-23,11.942083333333300,15.1475,23.593333333333300,18.967083333333300,19.999166666666700,332.60416666666700,283.6,1014,82,1.03,75
2022-09-24,30.13625,36.525000000000000,21.036250000000000,28.163750000000000,42.75666666666670,542.4716666666670,282.58,1011,83,1.03,0
2022-09-25,21.64625,26.73958333333330,19.783750000000000,21.842083333333300,22.066666666666700,385.3829166666670,284.37,1006,86,2.06,0
2022-09-26,34.22208333333330,39.13958333333330,27.500416666666700,20.966250000000000,26.274583333333300,423.49125,284.95,1001,91,1.54,0
2022-09-27,14.498333333333300,16.58,27.0425,14.900416666666700,13.128750000000000,287.19500000000000,285.23,996,89,4.12,75
2022-09-28,7.282083333333340,8.410000000000000,29.831666666666700,14.596666666666700,11.105833333333300,256.04166666666700,282.67,996,91,1.79,0
2022-09-29,30.553750000000000,34.49166666666670,18.714583333333300,20.24875,31.871250000000000,526.4083333333330,280.45,1002,93,1.54,20
2022-09-30,63.80458333333330,72.50875,4.127083333333330,28.76125,44.9625,827.9279166666670,283.93,1011,88,1.03,75
2022-10-01,58.78916666666670,64.92625,12.702500000000000,22.42333333333330,42.08625000000000,743.3695833333330,284.4,1004,90,2.57,100
2022-10-02,4.692916666666670,5.5625,36.86625,9.239166666666670,6.861666666666670,227.53000000000000,283.21,1006,92,5.14,0
2022-10-03,2.6558333333333300,3.4133333333333300,47.1325,6.505000000000000,5.8620833333333300,204.23541666666700,283.16,1009,87,5.14,0
2022-10-04,5.2633333333333300,6.8187500000000000,41.716250000000000,9.508750000000000,9.188750000000000,226.62666666666700,282.24,1018,88,3.09,0
2022-10-05,10.123333333333300,13.628750000000000,34.825000000000000,16.54,14.33458333333330,267.16708333333300,286.13,1017,83,1.54,0
2022-10-06,12.425416666666700,15.164166666666700,53.84500000000000,12.893750000000000,12.782916666666700,257.57125,284.02,1026,86,1.54,0
2022-10-07,20.497916666666700,25.047083333333300,31.548750000000000,18.977500000000000,22.942916666666700,362.78250000000000,285.54,1018,84,2.68,0
2022-10-08,18.900833333333300,21.691666666666700,40.84458333333330,12.587916666666700,10.088750000000000,261.1879166666670,286.44,1015,90,3.09,0
2022-10-09,16.728333333333300,21.04791666666670,27.81125,13.355000000000000,22.724166666666700,355.62000000000000,280.01,1024,91,0.0,1
2022-10-10,19.96625,25.08333333333330,26.359583333333300,15.89125,34.16375000000000,375.3708333333330,282.44,1017,82,5.14,0
2022-10-11,12.226250000000000,15.52375,29.688333333333300,17.653750000000000,16.71666666666670,292.8958333333330,281.2,1022,82,2.06,0
2022-10-12,43.55125,56.120416666666700,13.105416666666700,24.84,66.68208333333330,656.585,282.36,1024,84,1.54,20
2022-10-13,41.719166666666700,52.43833333333330,23.38875,26.207083333333300,64.97875000000000,581.4829166666670,281.15,1018,82,2.06,0
2022-10-14,16.42375,20.53625,16.995416666666700,20.755416666666700,19.97041666666670,332.39500000000000,284.33,1013,89,3.09,17
2022-10-15,13.939166666666700,16.059583333333300,37.52166666666670,12.452083333333300,10.536666666666700,280.93708333333300,287.16,1014,81,2.57,0
2022-10-16,11.789583333333300,13.756666666666700,44.76291666666670,12.51625,11.227916666666700,247.69750000000000,287.99,1021,88,1.54,0
2022-10-17,27.285000000000000,31.420833333333300,36.504583333333300,17.078333333333300,21.71666666666670,342.27,288.13,1023,84,3.09,0
2022-10-18,15.750000000000000,18.342916666666700,39.52958333333330,17.00708333333330,15.865000000000000,284.4129166666670,285.9,1018,95,3.6,75
2022-10-19,4.656666666666670,5.837083333333340,38.07833333333330,9.592916666666670,8.503750000000000,228.9920833333330,278.62,1023,88,3.6,0
2022-10-20,52.814166666666700,61.731250000000000,21.330416666666700,34.70875,105.66916666666700,803.7287500000000,277.87,1022,87,2.06,0
2022-10-21,10.422083333333300,13.657083333333300,35.14958333333330,19.792916666666700,15.29875,286.9170833333330,281.4,1011,85,3.6,0
2022-10-22,13.234166666666700,15.012083333333300,20.65625,17.963333333333300,12.889166666666700,298.04375000000000,285.26,1011,95,4.12,75
2022-10-23,16.41125,18.926666666666700,14.87166666666670,13.290833333333300,17.895416666666700,383.29750000000000,283.38,1014,95,1.03,20
2022-10-24,22.925000000000000,26.331666666666700,9.045416666666670,20.882083333333300,20.360416666666700,396.7875000000000,286.47,1010,93,2.06,95
2022-10-25,10.126666666666700,12.26375,15.693750000000000,18.021250000000000,15.153750000000000,308.6129166666670,286.23,1014,90,4.63,75
2022-10-26,28.64916666666670,34.52958333333330,8.872916666666670,18.228750000000000,35.57541666666670,520.98625,282.32,1022,94,0.51,75
2022-10-27,46.36541666666670,54.48125000000000,5.117083333333330,22.65541666666670,36.90541666666670,578.2829166666670,283.77,1025,95,1.54,67
2022-10-28,32.647916666666700,36.21958333333330,19.542083333333300,20.863333333333300,19.287500000000000,393.45,288.06,1019,88,1.54,0
2022-10-29,12.600000000000000,20.71083333333330,33.311250000000000,11.742500000000000,8.722500000000000,264.665,285.48,1019,91,2.57,0
2022-10-30,32.4468,38.396800000000000,16.5772,16.396400000000000,28.859600000000000,494.8052,283.46,1016,91,0.0,37
2022-10-31,56.858750000000000,66.31541666666670,1.8195833333333300,19.88458333333330,34.90750000000000,647.96125,285.6,1018,95,1.54,100
2022-11-01,122.88208333333300,151.32291666666700,1.9000000000000000,27.447083333333300,76.155,1002.8875000000000,283.74,1015,97,1.54,100
2022-11-02,31.065833333333300,38.73583333333330,9.595833333333330,21.905833333333300,22.72458333333330,392.4766666666670,283.03,1018,88,2.57,0
2022-11-03,43.24333333333330,52.231666666666700,15.029166666666700,27.15333333333330,77.33458333333330,625.2370833333330,279.69,1013,89,5.14,0
2022-11-04,11.195416666666700,13.859166666666700,39.937083333333300,14.339583333333300,12.332083333333300,268.4791666666670,282.74,1005,83,4.63,0
2022-11-05,14.863750000000000,16.94,18.93458333333330,16.049166666666700,17.706666666666700,332.5066666666670,281.79,1015,95,3.6,75
2022-11-06,38.35416666666670,48.094166666666700,12.988333333333300,29.11,72.5725,581.065,277.58,1016,93,2.06,1
2022-11-07,15.028333333333300,19.050833333333300,17.3875,22.120833333333300,18.342916666666700,334.48125,280.64,1014,88,2.06,20
2022-11-08,22.370416666666700,27.169583333333300,22.15041666666670,24.055000000000000,21.67458333333330,376.62208333333300,281.17,1014,90,3.09,0
2022-11-09,19.54625,23.59875,27.929166666666700,23.5475,18.760000000000000,353.2562500000000,280.51,1013,91,2.06,97
2022-11-10,17.285833333333300,20.53166666666670,9.571666666666670,21.81375,18.359166666666700,352.5625,280.03,1025,92,2.57,0
2022-11-11,11.605833333333300,15.35583333333330,15.090833333333300,20.378750000000000,15.661250000000000,299.99083333333300,282.75,1027,91,3.6,75
2022-11-12,16.143333333333300,20.19125,13.522083333333300,21.662916666666700,19.34958333333330,333.78625,281.77,1030,93,2.06,75
2022-11-13,45.861250000000000,53.11833333333330,9.187083333333330,26.47541666666670,49.21833333333330,655.3341666666670,281.31,1027,93,2.06,75
2022-11-14,20.45,25.61666666666670,20.505833333333300,27.039583333333300,27.497500000000000,387.0525,279.17,1018,90,5.14,75
2022-11-15,91.03541666666670,102.19916666666700,8.145416666666670,33.7725,125.63708333333300,957.9658333333330,277.73,1009,95,2.06,75
2022-11-16,11.985000000000000,13.767916666666700,21.275833333333300,15.194583333333300,14.269583333333300,284.83,276.08,1006,88,5.14,75
2022-11-17,13.844166666666700,17.098333333333300,21.906250000000000,19.667500000000000,30.990416666666700,352.00500000000000,271.75,1003,80,1.03,75
2022-11-18,15.287500000000000,18.783333333333300,17.617083333333300,23.886666666666700,32.25625000000000,362.01833333333300,270.46,1007,81,4.12,75
2022-11-19,11.615416666666700,14.237500000000000,26.654166666666700,24.386666666666700,32.10208333333330,340.60083333333300,269.3,1014,82,2.24,92
2022-11-20,16.467083333333300,20.460416666666700,20.43458333333330,24.768333333333300,32.52458333333330,366.19166666666700,270.6,1007,88,3.09,75
2022-11-21,33.26708333333330,39.197083333333300,4.8670833333333300,30.267083333333300,40.3225,503.4604166666670,273.97,1005,90,3.6,100
2022-11-22,22.282500000000000,27.27,3.915000000000000,24.44,28.719583333333300,416.39833333333300,274.03,1008,92,3.6,100
2022-11-23,13.492500000000000,16.324583333333300,24.783750000000000,18.070833333333300,18.859166666666700,326.69375000000000,271.5,1007,94,3.09,100
2022-11-24,17.67916666666670,20.168333333333300,21.857916666666700,23.530833333333300,38.122083333333300,392.19875000000000,272.29,1014,93,1.54,75
2022-11-25,66.74916666666670,74.18541666666670,0.2841666666666670,31.502083333333300,83.68666666666670,901.4995833333340,274.44,1018,96,1.03,100
2022-11-26,87.18541666666670,94.08416666666670,0.8470833333333330,34.50083333333330,52.23333333333330,1041.9675,273.29,1026,92,4.12,75
2022-11-27,44.73,51.137500000000000,2.9029166666666700,27.253750000000000,42.815416666666700,653.9416666666670,275.32,1026,94,0.51,75
2022-11-28,31.888333333333300,35.9825,7.974583333333330,23.620000000000000,25.33333333333330,501.65166666666700,273.85,1021,88,5.14,75
2022-11-29,12.925833333333300,15.52875,24.73541666666670,15.622916666666700,17.697916666666700,331.2825,274.07,1025,83,5.14,75
2022-11-30,12.53125,15.559166666666700,21.11666666666670,16.736666666666700,23.34958333333330,361.0445833333330,274.85,1028,84,3.09,75
2022-12-01,13.247083333333300,16.256666666666700,20.991666666666700,20.120833333333300,23.662916666666700,324.4683333333330,271.68,1027,84,4.63,100
2022-12-02,11.519166666666700,14.2425,44.77666666666670,17.035833333333300,25.491250000000000,303.60583333333300,270.13,1026,92,4.12,100
2022-12-03,14.943750000000000,18.135,26.290000000000000,18.078750000000000,24.204583333333300,323.63375000000000,273.94,1024,93,6.17,100
2022-12-04,12.515000000000000,14.9675,36.46291666666670,12.273333333333300,13.177083333333300,284.1345833333330,274.04,1023,88,7.2,100
2022-12-05,16.28291666666670,20.24958333333330,24.438333333333300,19.44375,22.38083333333330,338.79333333333300,275.06,1017,88,4.63,75
2022-12-06,60.720000000000000,66.5275,2.2791666666666700,32.82250000000000,55.94875000000000,844.8945833333330,273.95,1007,94,1.54,75
2022-12-07,11.58375,12.826666666666700,15.668750000000000,21.241250000000000,13.8675,383.9929166666670,273.27,1005,89,4.12,20
2022-12-08,11.143750000000000,13.525416666666700,28.86000000000000,22.745000000000000,16.345000000000000,329.75208333333300,273.48,1007,92,3.09,0
2022-12-09,20.635000000000000,23.81,13.86,28.615000000000000,17.52,405.55,273.3,1005,94,3.09,40
2022-12-10,14.145,16.1813636363636,22.6938636363637,20.842727272727300,17.2213636363637,366.861590909091,272.66,1006,90,3.6,100
2022-12-11,7.655,8.552727272727280,31.527727272727300,13.070454545454500,16.922727272727300,328.1731818181820,269.23,998,92,4.63,75
2022-12-12,4.789583333333330,6.009166666666670,50.57291666666670,12.647916666666700,13.799583333333300,288.58666666666700,272.04,1002,93,7.72,75
2022-12-13,8.90625,11.125416666666700,24.776250000000000,18.68208333333330,24.994583333333300,340.18375,266.89,1011,88,2.57,93
2022-12-14,25.74916666666670,30.45916666666670,11.41916666666670,31.260000000000000,47.365416666666700,498.4533333333330,268.29,1001,91,5.14,75
2022-12-15,48.82000000000000,56.75708333333330,5.463750000000000,37.165,87.01333333333330,728.90625,267.69,1015,88,2.06,40
2022-12-16,24.57875,27.404166666666700,22.66625,27.667916666666700,39.626250000000000,475.6458333333330,269.67,1012,91,4.63,75
2022-12-17,10.679166666666700,12.567916666666700,43.07875000000000,19.150000000000000,25.21291666666670,350.33625000000000,267.03,1028,93,5.14,100
2022-12-18,58.00041666666670,66.33875000000000,8.488750000000000,34.31583333333330,92.94458333333330,763.6754166666670,266.69,1039,97,3.6,100
2022-12-19,16.882916666666700,19.605000000000000,34.15333333333330,23.420000000000000,28.05416666666670,393.03375000000000,269.91,1022,80,4.63,0
2022-12-20,14.607916666666700,17.380416666666700,34.24333333333330,21.72041666666670,18.582500000000000,372.1720833333330,275.59,1014,82,1.54,0
2022-12-21,21.72833333333330,25.15375,24.527916666666700,26.825833333333300,20.852083333333300,415.70166666666700,275.47,1009,95,1.54,100
2022-12-22,21.374583333333300,24.791250000000000,19.9075,26.253750000000000,17.455000000000000,425.02,278.43,1001,91,2.57,75
2022-12-23,11.160833333333300,13.075833333333300,12.78375,22.220416666666700,18.385,369.80833333333300,278.32,1003,97,2.57,75
2022-12-24,23.32833333333330,26.19,0.6358333333333330,22.247500000000000,24.965000000000000,470.3604166666670,276.11,1013,97,2.06,75
2022-12-25,13.665,15.57,6.57,19.795,12.515,355.48,276.98,1017,97,3.6,100
2022-12-26,10.80590909090910,12.489545454545500,19.25090909090910,20.142272727272700,15.12681818181820,343.4968181818180,281.68,1009,94,3.6,40
2022-12-27,6.0925,7.5108333333333300,41.1575,14.172500000000000,10.65625,273.0104166666670,276.54,1020,84,5.14,0
2022-12-28,12.59708333333330,15.558750000000000,38.12541666666670,21.070833333333300,17.235833333333300,323.0770833333330,278.78,1011,76,4.12,75
2022-12-29,8.928333333333330,11.27875,47.17666666666670,17.39375,15.115000000000000,296.09666666666700,281.77,1007,75,2.57,0
2022-12-30,12.931250000000000,16.22791666666670,26.807500000000000,20.60666666666670,18.154583333333300,353.11791666666700,276.16,1014,89,2.24,78
2022-12-31,8.638750000000000,10.607083333333300,36.25708333333330,14.959583333333300,9.302916666666670,323.0766666666670,286.49,1010,80,5.14,0
2023-01-01,4.361250000000000,6.361250000000000,44.866666666666700,10.731250000000000,10.029583333333300,260.3533333333330,284.6,1016,73,2.57,0
2023-01-02,14.538333333333300,19.063333333333300,16.61208333333330,21.977500000000000,19.739583333333300,379.96000000000000,283.99,1010,81,5.14,0
2023-01-03,7.240416666666670,9.310833333333330,36.210000000000000,14.662083333333300,12.934166666666700,296.09666666666700,277.29,1017,77,5.14,75
2023-01-04,16.234166666666700,19.56125,32.164583333333300,21.385416666666700,24.5925,372.1716666666670,279.49,1004,93,6.17,75
2023-01-05,2.4425000000000000,3.0670833333333300,44.50916666666670,8.938750000000000,7.343333333333330,250.19916666666700,275.93,1010,84,11.32,75
2023-01-06,11.177500000000000,13.518333333333300,25.645,28.285,33.80875,359.9333333333330,273.81,1014,95,3.6,75
2023-01-07,24.009583333333300,28.57833333333330,6.815416666666670,27.603333333333300,28.10916666666670,462.0150000000000,277.94,1016,94,4.63,75
2023-01-08,9.738333333333340,11.854583333333300,31.471666666666700,14.566666666666700,11.729166666666700,298.3216666666670,276.06,1006,91,6.17,75
2023-01-09,16.597916666666700,19.225416666666700,23.171666666666700,20.127916666666700,17.77166666666670,351.58750000000000,279.42,1002,93,3.6,75
2023-01-10,28.50708333333330,32.94416666666670,3.534166666666670,24.404166666666700,32.14625,525.71375,275.53,1017,93,3.09,100
2023-01-11,41.67250000000000,46.04916666666670,12.612916666666700,24.905000000000000,48.24500000000000,608.7420833333330,276.92,1011,89,5.66,40
2023-01-12,11.032083333333300,13.59625,25.613750000000000,20.83416666666670,15.412916666666700,345.05041666666700,279.71,1009,83,5.14,0
2023-01-13,7.813333333333330,9.6225,41.50000000000000,19.907083333333300,14.780833333333300,323.9116666666670,280.92,1010,85,3.6,40
2023-01-14,7.759166666666670,10.008750000000000,30.845,16.663750000000000,11.844166666666700,302.7716666666670,277.28,1010,86,3.6,0
2023-01-15,4.172083333333330,5.2108333333333300,51.58875000000000,10.585000000000000,8.81875,273.01041666666700,277.7,1003,91,4.12,0
2023-01-16,12.88875,15.745833333333300,25.685833333333300,21.66333333333330,19.154166666666700,359.37583333333300,277.04,991,91,5.14,75
2023-01-17,18.65875,22.72666666666670,27.407500000000000,24.11833333333330,29.005000000000000,449.0812500000000,273.36,993,91,1.54,34
2023-01-18,18.22,21.354166666666700,14.514583333333300,28.096250000000000,27.762083333333300,460.0683333333330,274.52,999,94,3.6,75
2023-01-19,35.78833333333330,40.026666666666700,7.37625,34.10166666666670,42.20041666666670,647.8225000000000,274.28,1006,94,3.09,75
2023-01-20,21.232500000000000,24.320000000000000,29.06,25.683333333333300,37.39166666666670,456.3129166666670,274.1,1015,87,6.69,75
2023-01-21,5.947083333333330,6.980416666666670,34.19833333333330,10.962083333333300,9.631250000000000,301.93750000000000,274.66,1023,97,3.6,100
2023-01-22,13.847916666666700,15.614166666666700,35.897083333333300,13.045416666666700,12.991666666666700,311.1158333333330,273.92,1031,94,3.6,75
2023-01-23,23.73708333333330,27.600833333333300,21.887500000000000,22.577083333333300,27.055000000000000,398.1791666666670,274.42,1037,92,3.09,75
2023-01-24,59.229583333333300,69.14041666666670,1.3304166666666700,26.082916666666700,60.78208333333330,739.8916666666670,274.54,1037,92,2.06,75
2023-01-25,61.81416666666670,70.18833333333340,16.6225,38.013750000000000,96.20083333333330,786.7625000000000,272.6,1025,90,1.03,75
2023-01-26,61.47625000000000,70.6,10.852083333333300,38.42916666666670,85.12541666666670,782.4495833333330,272.95,1019,83,1.03,100
2023-01-27,58.52875000000000,67.71416666666670,7.126666666666670,38.21333333333330,86.54541666666670,774.6616666666670,273.36,1022,92,2.57,75
2023-01-28,14.550833333333300,17.500000000000000,12.870416666666700,21.727500000000000,25.177916666666700,397.48375000000000,272.13,1023,81,4.63,100
2023-01-29,8.852083333333330,10.977083333333300,48.56333333333330,13.772500000000000,15.034583333333300,295.67875000000000,273.4,1013,90,3.6,75
2023-01-30,7.948333333333330,9.009583333333330,49.24833333333330,13.255000000000000,10.532500000000000,283.7179166666670,275.25,1000,91,7.2,75
2023-01-31,3.711666666666670,5.665833333333330,51.78208333333330,10.502916666666700,9.912083333333330,265.4991666666670,274.95,1003,91,4.12,75
2023-02-01,2.863750000000000,3.750833333333330,49.18833333333330,11.056250000000000,8.727500000000000,265.7775,275.89,1001,88,4.63,75
2023-02-02,5.498333333333330,6.683333333333330,43.19875,14.904166666666700,12.537916666666700,295.1233333333330,273.48,1016,89,5.66,75
2023-02-03,7.206250000000000,9.149583333333330,40.95541666666670,18.225416666666700,21.31625,316.67875,272.46,1005,93,4.12,75
2023-02-04,8.569583333333330,10.305416666666700,35.59500000000000,14.758750000000000,22.78125,334.48125000000000,269.41,1031,83,4.12,0
2023-02-05,28.954583333333300,34.432916666666700,20.914583333333300,23.911666666666700,61.57666666666670,554.2233333333330,266.56,1037,87,1.54,0
2023-02-06,38.151666666666700,46.27541666666670,10.485833333333300,36.90083333333330,64.79083333333330,613.4704166666670,267.82,1039,88,1.03,40
2023-02-07,25.25583333333330,30.08875,27.60208333333330,27.182500000000000,38.19708333333330,445.32541666666700,272.33,1041,87,1.54,75
2023-02-08,71.02125,84.27166666666670,6.184583333333330,40.92666666666670,103.35375000000000,894.5454166666670,269.22,1042,86,2.57,0
2023-02-09,33.55041666666670,39.72750000000000,30.401250000000000,31.565833333333300,45.71708333333330,504.57333333333300,272.24,1030,69,3.09,0
2023-02-10,19.480833333333300,22.565,43.61625000000000,19.313750000000000,15.880416666666700,345.19041666666700,274.63,1029,88,4.12,75
2023-02-11,21.36375,23.455416666666700,46.16416666666670,14.3375,7.8862500000000000,304.85791666666700,277.04,1024,87,5.66,75
2023-02-12,20.756250000000000,24.66916666666670,41.673333333333300,23.86916666666670,36.65916666666670,445.32625,275.94,1032,89,4.63,100
2023-02-13,9.180833333333330,11.726666666666700,56.9375,13.09125,11.397500000000000,278.15458333333300,277.93,1029,78,5.66,75
2023-02-14,18.749583333333300,22.889166666666700,43.778750000000000,18.512916666666700,17.104166666666700,333.9241666666670,275.75,1032,90,3.09,75
2023-02-15,29.29291666666670,34.40708333333330,26.955416666666700,32.215833333333300,30.62708333333330,449.4979166666670,274.11,1024,90,1.54,100
2023-02-16,56.81833333333340,62.967083333333300,27.107083333333300,31.616666666666700,27.07041666666670,494.42,275.97,1016,86,4.12,98
2023-02-17,43.26416666666670,45.31708333333340,37.550416666666700,20.70625,12.805416666666700,390.94583333333300,282.07,1001,91,9.26,75
2023-02-18,1.98125,3.454166666666670,72.47875000000000,6.298333333333330,5.406666666666670,239.77000000000000,275.99,1006,89,5.66,75
2023-02-19,3.1558333333333300,4.224583333333330,64.31250000000000,8.404583333333330,7.736666666666670,258.2658333333330,273.81,1014,73,6.69,0
2023-02-20,5.447500000000000,6.550000000000000,59.217083333333300,10.357083333333300,7.740833333333330,260.3533333333330,280.26,998,90,12.86,75
2023-02-21,2.6750000000000000,4.706666666666670,68.69333333333330,7.522083333333330,7.272500000000000,248.11333333333300,277.49,1010,86,5.14,75
2023-02-22,10.392083333333300,13.334583333333300,35.85583333333330,21.474166666666700,26.577916666666700,362.01875000000000,273.05,1018,68,4.12,75
2023-02-23,12.925,17.990000000000000,21.1,22.875,28.37,408.89,275.39,1007,82,3.09,20
2023-02-24,10.2943181818182,13.460681818181800,29.8088636363637,20.1072727272728,20.4425,363.449090909091,276.4,992,88,1.54,20
2023-02-25,7.663636363636370,8.931363636363640,38.517727272727300,17.339545454545500,12.515000000000000,318.0081818181820,274.64,996,93,5.66,75
2023-02-26,9.2025,11.00625,42.69916666666670,18.67916666666670,24.112500000000000,357.84583333333300,273.6,1018,73,2.57,75
2023-02-27,40.26083333333330,46.376666666666700,35.318333333333300,31.237916666666700,83.57541666666670,669.3804166666670,271.41,1027,69,2.06,20
2023-02-28,105.54416666666700,121.46250000000000,9.741666666666670,56.921250000000000,158.74750000000000,1272.8379166666700,270.78,1026,82,1.54,7
2023-03-01,31.52416666666670,37.53083333333330,28.92041666666670,31.780833333333300,35.415833333333300,484.4066666666670,273.81,1022,89,0.0,83
2023-03-02,62.37666666666670,71.74833333333330,13.875833333333300,46.94,78.67791666666670,805.6745833333330,272.14,1017,91,2.06,12
2023-03-03,22.05125,26.698333333333300,43.16750000000000,25.53583333333330,23.146250000000000,408.3320833333330,272.91,1012,86,6.17,75
2023-03-04,15.900000000000000,18.045,56.145000000000000,12.125,6.05,292.06500000000000,270.81,1008,62,4.63,0
2023-03-05,5.870454545454550,7.505000000000000,70.7459090909091,11.99909090909090,12.877272727272700,292.51909090909100,270.07,1003,77,2.57,0
2023-03-06,12.23166666666670,14.764583333333300,45.32250000000000,23.62666666666670,23.285833333333300,357.98500000000000,272.87,999,93,2.57,75
2023-03-07,19.196666666666700,22.00125,39.23458333333330,21.849583333333300,29.85166666666670,416.5370833333330,276.84,991,77,6.17,75
2023-03-08,8.836666666666670,10.487083333333300,57.75708333333330,17.764166666666700,15.772916666666700,323.7725,273.58,995,93,2.57,75
2023-03-09,11.144583333333300,13.176250000000000,48.23500000000000,20.36375,21.87041666666670,351.03125,272.53,1000,86,3.6,100
2023-03-10,18.58458333333330,22.13625,34.88291666666670,22.951250000000000,22.2375,415.14625000000000,280.49,986,85,3.09,0
2023-03-11,8.722083333333340,9.989166666666660,47.838333333333300,12.370833333333300,8.613750000000000,310.56,272.53,1003,85,7.2,0
2023-03-12,8.28375,10.349166666666700,65.34833333333330,13.965833333333300,12.760416666666700,308.05750000000000,273.55,1010,81,2.57,0
2023-03-13,10.034583333333300,11.710833333333300,50.545416666666700,16.53625,13.371666666666700,315.2887500000000,283.49,999,76,4.63,20
2023-03-14,9.45375,11.369166666666700,65.05833333333330,12.948750000000000,11.89625,292.48,281.65,995,86,3.09,0
2023-03-15,8.74625,11.354583333333300,57.34708333333330,16.915,16.454166666666700,326.6925,273.67,1015,82,2.57,0
2023-03-16,25.952916666666700,31.850000000000000,32.70791666666670,27.428750000000000,38.64875000000000,493.3079166666670,273.77,1022,82,1.54,40
2023-03-17,29.315416666666700,35.88250000000000,41.37375,23.422083333333300,36.84041666666670,500.1225000000000,277.68,1020,63,6.17,0
2023-03-18,8.63,10.36125,74.8325,9.663750000000000,10.594583333333300,273.70416666666700,280.62,1016,53,3.09,0
2023-03-19,36.01916666666670,41.23833333333330,46.244583333333300,26.457916666666700,27.150416666666700,450.1937500000000,281.27,1014,64,1.54,0
2023-03-20,46.96333333333330,53.729166666666700,23.196250000000000,31.159583333333300,32.62375000000000,552.8320833333330,281.62,1013,89,4.12,75
2023-03-21,50.761666666666700,57.4575,16.719583333333300,25.504583333333300,43.76458333333330,710.5475,277.21,1014,92,1.54,15
2023-03-22,43.47666666666670,49.18958333333330,19.122916666666700,31.01625000000000,24.983750000000000,604.4304166666670,282.21,1008,85,3.09,0
2023-03-23,15.755000000000000,18.67625,50.9475,17.22458333333330,14.910833333333300,328.0850000000000,286.06,1006,77,2.57,0
2023-03-24,17.449583333333300,20.027916666666700,49.36958333333330,18.45,16.74833333333330,348.52791666666700,285.13,1001,88,4.12,75
2023-03-25,9.78,12.222500000000000,41.53666666666670,14.840000000000000,12.467083333333300,307.22166666666700,280.08,1001,90,1.54,20
2023-03-26,6.626521739130440,8.431304347826090,46.82608695652170,13.48,11.005217391304300,297.50565217391300,279.09,999,86,2.57,0
2023-03-27,14.087916666666700,17.725833333333300,39.224583333333300,18.346666666666700,19.870416666666700,378.42875000000000,273.23,1009,66,6.17,0
2023-03-28,11.35375,13.96208333333330,62.13291666666670,16.444583333333300,24.244583333333300,357.84666666666700,271.74,1018,74,5.14,0
2023-03-29,17.045,20.97208333333330,69.02041666666670,21.772500000000000,16.549166666666700,400.68375,277.41,1015,48,3.09,0
2023-03-30,24.235000000000000,27.765833333333300,50.33541666666670,27.860833333333300,22.555833333333300,412.9220833333330,282.27,1003,90,2.57,75
2023-03-31,7.658000000000000,8.948000000000000,37.8,8.629000000000000,4.578,282.05,282.81,995,92,3.09,40