city,date,pm2_5,pm10,o3,no2,so2,co
Warsaw,2022-04-01,2.6635714285714287,3.239285714285714,78.31999999999998,7.74857142857143,8.267142857142856,286.34214285714285
Warsaw,2022-04-02,4.7629166666666665,5.493333333333333,73.52208333333334,9.017916666666666,10.755833333333333,302.35375
Warsaw,2022-04-03,11.500833333333333,13.555833333333334,71.64458333333333,13.651666666666669,16.185,349.36083333333335
Warsaw,2022-04-04,7.756666666666668,9.540416666666667,77.27833333333332,10.434583333333332,10.160416666666665,303.1891666666667
Warsaw,2022-04-05,4.225416666666667,5.233333333333333,80.55625,9.517916666666666,8.685,290.9495833333334
Warsaw,2022-04-06,11.009583333333333,13.282916666666667,32.1475,19.760416666666664,18.087499999999995,365.0779166666667
Warsaw,2022-04-07,6.87625,8.767083333333334,56.92291666666666,11.324583333333331,9.5,277.7383333333334
Warsaw,2022-04-08,2.297916666666667,3.1441666666666666,66.77166666666666,9.185416666666667,8.275,272.4533333333333
Warsaw,2022-04-09,5.541250000000001,6.7229166666666655,61.13875000000001,11.620416666666666,11.026250000000003,300.96416666666676
Warsaw,2022-04-10,4.343750000000001,5.666249999999999,68.96249999999999,8.864583333333334,7.8762500000000015,290.3945833333334
Warsaw,2022-04-11,13.851666666666667,17.04125,47.98208333333334,20.026250000000005,20.722916666666666,399.98708333333326
Warsaw,2022-04-12,39.73583333333333,47.29333333333333,32.74125,33.55125,63.80166666666667,664.6508333333333
Warsaw,2022-04-13,31.96041666666667,38.84041666666666,38.021249999999995,27.56083333333333,37.15333333333333,536.0045833333332
Warsaw,2022-04-14,20.381666666666668,24.10041666666666,64.19416666666667,18.82875,19.70458333333333,365.0779166666667
Warsaw,2022-04-15,21.317083333333333,23.74166666666667,52.45208333333332,16.309166666666666,14.7125,344.35625
Warsaw,2022-04-16,6.411666666666666,7.722916666666667,68.00833333333334,11.455,13.226666666666667,317.09708333333333
Warsaw,2022-04-17,8.852500000000001,10.830833333333333,63.59791666666667,15.327916666666667,16.97875,334.6195833333333
Warsaw,2022-04-18,11.954583333333334,15.439583333333337,53.27125000000001,19.288749999999997,20.463749999999997,384.41041666666666
Warsaw,2022-04-19,47.84375,53.430416666666666,45.42958333333334,30.870833333333334,93.10291666666667,747.8195833333333
Warsaw,2022-04-20,27.438333333333333,31.892916666666665,27.198750000000004,27.70416666666667,31.11874999999999,513.0575
Warsaw,2022-04-21,16.338333333333335,19.17291666666667,21.987916666666663,24.462500000000002,27.139583333333334,406.9412499999999
Warsaw,2022-04-22,13.601249999999999,16.60166666666667,43.63125,18.968749999999996,21.419999999999998,389.9729166666668
Warsaw,2022-04-23,6.868333333333335,8.491249999999999,54.44916666666668,12.648333333333332,12.876249999999999,303.18958333333325
Warsaw,2022-04-24,8.076666666666666,9.877499999999996,60.781666666666666,11.588333333333333,12.825000000000001,294.2879166666668
Warsaw,2022-04-25,6.668333333333334,8.18875,52.42291666666666,13.304166666666665,15.311250000000001,297.62625
Warsaw,2022-04-26,29.054999999999996,33.306666666666665,30.03833333333333,25.53625,35.116666666666674,507.0758333333334
Warsaw,2022-04-27,18.74,23.661666666666672,41.01541666666666,25.262499999999992,29.172500000000003,435.8687500000001
Warsaw,2022-04-28,23.127499999999998,28.47583333333333,40.76541666666666,27.8,36.786249999999995,479.4004166666667
Warsaw,2022-04-29,62.60916666666668,71.65958333333333,27.721666666666668,40.69166666666667,119.59708333333333,847.9558333333334
Warsaw,2022-04-30,80.79791666666665,90.04708333333333,41.196666666666665,36.815416666666664,58.43791666666666,861.7237500000001
Warsaw,2022-05-01,17.230416666666667,20.6875,51.36375,20.13,23.703333333333337,379.68125000000003
Warsaw,2022-05-02,29.925000000000008,35.60666666666666,39.95791666666666,27.94458333333333,44.17666666666667,492.05750000000006
Warsaw,2022-05-03,23.966250000000002,28.807500000000005,55.25625,25.324166666666667,34.3475,450.82
Warsaw,2022-05-04,8.810416666666669,11.418333333333331,58.80291666666667,14.88875,15.587083333333334,316.5399999999999
Warsaw,2022-05-05,4.2725,5.542083333333333,80.85291666666664,9.454583333333334,10.400833333333333,252.14750000000004
Warsaw,2022-05-06,12.455833333333333,14.669583333333335,54.32999999999999,15.19041666666667,14.488749999999998,294.42625000000004
Warsaw,2022-05-07,18.141666666666666,22.32416666666667,36.082916666666655,21.954166666666666,27.80125,429.88916666666677
Warsaw,2022-05-08,8.617916666666666,11.115000000000002,56.70916666666667,14.576250000000002,14.187499999999998,303.11958333333325
Warsaw,2022-05-09,4.700833333333334,6.427083333333333,68.8425,9.707083333333333,12.597500000000002,267.7233333333333
Warsaw,2022-05-10,15.20375,18.85166666666667,57.440416666666664,22.48375,31.943333333333328,406.52375
Warsaw,2022-05-11,14.909583333333332,17.973750000000003,58.36666666666667,21.437916666666666,22.507500000000004,344.3554166666667
Warsaw,2022-05-12,8.584583333333333,10.457499999999998,78.77,10.3925,14.008333333333335,278.2933333333333
Warsaw,2022-05-13,12.861666666666666,16.617083333333337,59.52624999999998,17.310000000000002,27.855833333333333,360.07083333333344
Warsaw,2022-05-14,3.8712499999999994,5.182083333333336,80.04958333333333,5.664583333333333,5.395833333333333,228.57416666666666
Warsaw,2022-05-15,5.462083333333333,7.790416666666665,74.32249999999998,9.540416666666667,12.115416666666667,272.1745833333333
Warsaw,2022-05-16,11.420000000000002,14.622499999999995,47.69750000000001,21.245000000000005,26.991666666666664,367.58125
Warsaw,2022-05-17,5.501666666666668,7.270833333333332,65.21583333333334,11.805000000000001,13.185833333333333,284.8300000000001
Warsaw,2022-05-18,11.493333333333334,14.254583333333334,57.63958333333334,18.885833333333334,27.089583333333334,370.0850000000001
Warsaw,2022-05-19,20.22333333333333,24.415833333333328,70.71166666666667,24.42375,27.62666666666667,379.5429166666667
Warsaw,2022-05-20,9.792499999999999,11.918333333333331,78.67041666666667,13.143749999999997,16.298750000000002,284.7620833333333
Warsaw,2022-05-21,6.725833333333331,8.242916666666666,60.63666666666666,10.178749999999999,7.610000000000003,267.02874999999995
Warsaw,2022-05-22,2.9391666666666674,3.414166666666666,75.72916666666667,4.030833333333334,3.6875000000000004,220.2983333333333
Warsaw,2022-05-23,11.97125,14.288333333333332,50.26458333333333,20.183333333333334,23.85375,340.04375
Warsaw,2022-05-24,6.835,8.237916666666667,71.13708333333334,9.0825,9.761666666666668,243.94083333333333
Warsaw,2022-05-25,11.505833333333335,13.136249999999999,37.87166666666666,16.568749999999998,15.904583333333328,304.1625000000001
Warsaw,2022-05-26,7.904166666666668,9.234166666666669,69.02208333333333,6.6816666666666675,6.730833333333334,230.7295833333333
Warsaw,2022-05-27,5.958749999999999,6.986250000000001,65.1475,7.673333333333335,6.90625,230.86874999999998
Warsaw,2022-05-28,1.8324999999999998,2.4025000000000003,72.06208333333335,4.223333333333334,4.20375,213.76166666666663
Warsaw,2022-05-29,15.739166666666668,18.127916666666668,45.70375000000001,15.795833333333334,24.257500000000004,390.59791666666666
Warsaw,2022-05-30,13.138750000000002,15.754999999999997,34.85333333333333,18.952916666666663,19.465833333333332,332.67375
Warsaw,2022-05-31,18.287083333333335,22.050833333333333,49.65625000000001,20.473333333333333,26.81416666666667,402.35124999999994
Warsaw,2022-06-01,12.12,13.797916666666667,66.72791666666667,15.5575,12.378333333333336,278.64125000000007
Warsaw,2022-06-02,12.803333333333333,14.977499999999997,51.29125,17.350833333333334,14.998333333333335,308.8208333333334
Warsaw,2022-06-03,21.541666666666668,26.265416666666667,42.69875,29.63833333333334,45.080833333333324,453.0458333333333
Warsaw,2022-06-04,9.287500000000001,10.773333333333333,72.67291666666667,9.791666666666666,8.885,230.9391666666667
Warsaw,2022-06-05,6.755,8.316666666666666,71.18250000000002,10.070000000000002,11.10458333333333,232.05041666666662
Warsaw,2022-06-06,7.5683333333333325,9.030833333333335,69.00708333333334,10.932083333333331,10.585,231.21708333333333
Warsaw,2022-06-07,18.049583333333334,20.395,39.69875,31.835416666666664,27.02291666666667,365.0783333333333
Warsaw,2022-06-08,19.27958333333333,21.769166666666667,36.163333333333334,22.172916666666666,19.67916666666667,392.33708333333334
Warsaw,2022-06-09,16.1,19.25041666666667,27.91708333333334,20.738333333333333,18.462083333333332,342.54750000000007
Warsaw,2022-06-10,7.731666666666668,8.74708333333333,46.17583333333332,8.659166666666668,7.361250000000001,230.24291666666673
Warsaw,2022-06-11,7.080000000000002,8.155833333333334,66.98833333333333,7.934583333333333,7.734583333333333,220.23
Warsaw,2022-06-12,13.752083333333333,17.102916666666665,40.15625000000001,18.167083333333334,17.0975,318.5570833333333
Warsaw,2022-06-13,12.365416666666667,13.887916666666664,50.057500000000005,12.045833333333333,9.818749999999998,253.81624999999997
Warsaw,2022-06-14,2.922916666666667,3.9845833333333336,66.16166666666668,5.176666666666667,4.362083333333334,187.61666666666665
Warsaw,2022-06-15,6.0075,7.8495833333333325,50.18416666666667,11.49,11.127083333333331,243.24583333333325
Warsaw,2022-06-16,13.997500000000002,17.007499999999997,40.63375,23.105833333333333,19.494999999999997,338.4445833333333
Warsaw,2022-06-17,5.8304166666666655,7.350416666666665,62.026250000000005,9.931666666666667,8.938749999999997,214.52750000000006
Warsaw,2022-06-18,8.215833333333332,10.222916666666666,63.35166666666667,9.107083333333334,7.464166666666666,210.42500000000004
Warsaw,2022-06-19,11.15041666666667,13.726666666666672,105.41000000000001,4.574583333333335,5.315000000000001,195.12541666666667
Warsaw,2022-06-20,8.172916666666667,9.776666666666666,71.43625000000002,11.597500000000002,11.741666666666669,219.46416666666667
Warsaw,2022-06-21,2.2449999999999997,2.6837500000000003,60.79791666666666,4.670000000000001,3.6441666666666657,181.98166666666665
Warsaw,2022-06-22,6.922083333333333,8.957916666666668,53.83666666666667,10.102500000000001,10.084166666666667,223.21833333333333
Warsaw,2022-06-23,14.239583333333329,18.200833333333332,38.955833333333324,22.042500000000004,25.094583333333333,350.7541666666666
Warsaw,2022-06-24,8.434166666666666,10.853333333333332,47.83375,10.865833333333333,10.665416666666667,234.27625
Warsaw,2022-06-25,7.173750000000001,8.665416666666667,55.10125,12.151666666666669,13.55625,229.89583333333337
Warsaw,2022-06-26,5.9725,7.052916666666666,75.54958333333333,6.805416666666666,7.416250000000002,188.24249999999995
Warsaw,2022-06-27,5.6795833333333325,7.033333333333334,67.24916666666667,7.527083333333334,8.183333333333335,191.92708333333334
Warsaw,2022-06-28,8.648750000000001,10.023333333333332,62.375,11.522916666666669,10.272083333333333,224.7491666666666
Warsaw,2022-06-29,12.280416666666667,13.811666666666667,67.44291666666668,15.68625,16.08416666666667,264.3875
Warsaw,2022-06-30,8.944583333333332,10.647083333333335,50.59458333333334,11.845833333333333,11.398333333333333,244.2195833333333
Warsaw,2022-07-01,4.624999999999999,5.453333333333333,63.37416666666669,7.05375,5.64875,196.72541666666663
Warsaw,2022-07-02,4.802916666666666,5.220416666666667,58.04,8.20125,4.718750000000001,204.44500000000002
Warsaw,2022-07-03,6.055,7.522916666666668,70.60416666666666,11.807916666666666,10.4575,207.64375000000004
Warsaw,2022-07-04,8.4175,10.376666666666667,64.34083333333332,16.642916666666668,11.504583333333334,241.7170833333333
Warsaw,2022-07-05,9.003333333333332,10.205416666666666,58.695000000000014,15.679166666666665,11.027916666666664,234.41500000000005
Warsaw,2022-07-06,3.422083333333333,4.041250000000001,62.65875,7.020833333333333,5.514166666666667,183.23458333333335
Warsaw,2022-07-07,4.573333333333333,6.135833333333333,47.355416666666656,13.399999999999999,8.126666666666667,212.1620833333333
Warsaw,2022-07-08,5.50875,6.974583333333332,38.765,11.2975,7.232500000000002,205.7658333333333
Warsaw,2022-07-09,1.8525000000000007,2.645416666666667,53.048333333333325,5.245,3.22875,167.5891666666666
Warsaw,2022-07-10,1.9570833333333326,2.51875,46.4775,4.3620833333333335,2.9879166666666666,167.45041666666668
Warsaw,2022-07-11,2.134583333333333,2.7233333333333345,40.53166666666667,6.225833333333334,4.143750000000001,176.62875
Warsaw,2022-07-12,2.097916666666667,2.5254166666666666,46.2825,4.390833333333334,2.725,166.26791666666662
Warsaw,2022-07-13,4.7625,5.814166666666668,78.05249999999998,3.9099999999999997,2.702083333333333,159.1733333333333
Warsaw,2022-07-14,5.948333333333333,7.7437499999999995,63.59374999999999,9.360416666666667,6.100833333333333,193.10999999999999
Warsaw,2022-07-15,2.7158333333333338,3.854999999999999,51.845833333333324,7.262083333333333,4.658333333333333,185.18250000000003
Warsaw,2022-07-16,2.68875,3.6679166666666663,53.34624999999999,6.452499999999998,3.6837499999999994,179.89624999999998
Warsaw,2022-07-17,2.8608333333333333,3.6174999999999997,49.27791666666667,6.36,4.38375,182.19250000000002
Warsaw,2022-07-18,3.8475,5.565416666666667,43.29541666666666,10.59875,6.013749999999999,204.30499999999998
Warsaw,2022-07-19,8.21375,10.805833333333334,61.32416666666668,13.332499999999998,9.138333333333334,225.6525
Warsaw,2022-07-20,14.953333333333333,19.046666666666667,15.946666666666667,23.36,9.973333333333334,292.62000000000006
Warsaw,2022-07-21,,,,,,
Warsaw,2022-07-22,8.711904761904762,11.052857142857144,82.71333333333334,11.856190476190475,8.665714285714285,255.4247619047619
Warsaw,2022-07-23,8.995000000000001,10.737916666666665,68.7525,15.100416666666666,11.978749999999998,293.0366666666667
Warsaw,2022-07-24,3.2737499999999993,3.904583333333333,65.68458333333332,4.84625,3.225833333333332,203.60999999999999
Warsaw,2022-07-25,7.724166666666666,9.848333333333334,49.95583333333334,18.227083333333333,14.907499999999999,281.3529166666667
Warsaw,2022-07-26,7.36625,8.610833333333332,63.867500000000014,10.457916666666668,6.215416666666666,226.9745833333333
Warsaw,2022-07-27,2.9162500000000002,4.494166666666666,59.469166666666666,7.069583333333334,5.179583333333333,192.34458333333336
Warsaw,2022-07-28,4.569166666666667,7.1000000000000005,47.82458333333333,12.264166666666666,9.206249999999999,224.81875
Warsaw,2022-07-29,4.187083333333333,5.639583333333334,43.44458333333333,9.310833333333333,6.167083333333335,198.8108333333333
Warsaw,2022-07-30,3.0733333333333337,3.4824999999999995,53.67374999999999,4.926666666666667,3.2687500000000007,175.02958333333325
Warsaw,2022-07-31,2.945,3.2254166666666664,41.365833333333335,4.94375,3.397916666666667,174.88916666666663
Warsaw,2022-08-01,8.944166666666668,10.761250000000002,53.66125,12.673333333333334,12.628333333333336,249.50541666666663
Warsaw,2022-08-02,22.814583333333335,27.32875,34.56791666666667,22.594583333333333,36.627083333333324,417.1616666666667
Warsaw,2022-08-03,40.922083333333326,47.03583333333335,31.77083333333333,40.37041666666667,44.52541666666667,581.2045833333333
Warsaw,2022-08-04,12.055,14.483750000000002,69.54,12.793333333333337,11.675833333333335,245.61083333333332
Warsaw,2022-08-05,10.98375,13.121666666666668,62.970416666666665,16.16541666666667,14.358749999999999,265.5683333333334
Warsaw,2022-08-06,6.621666666666666,7.824999999999999,49.219166666666666,10.005,7.633333333333334,223.00958333333327
Warsaw,2022-08-07,11.01625,13.410416666666668,40.267916666666665,15.61,26.782083333333333,326.4141666666666
Warsaw,2022-08-08,10.979166666666664,14.27458333333333,32.4125,19.531249999999996,22.28791666666667,305.8320833333334
Warsaw,2022-08-09,7.03875,9.086250000000001,47.2175,14.226666666666667,14.474166666666667,237.75291666666666
Warsaw,2022-08-10,8.455416666666666,10.520833333333334,40.89375,15.115000000000002,15.22541666666667,248.46375
Warsaw,2022-08-11,8.179166666666667,10.26375,37.05083333333334,14.095416666666667,13.470833333333337,246.5154166666667
Warsaw,2022-08-12,5.3379166666666675,6.3737499999999985,48.19083333333334,9.852083333333331,8.16125,213.41499999999994
Warsaw,2022-08-13,10.379583333333334,11.616666666666667,63.18083333333333,9.269583333333332,7.964583333333334,218.76875000000007
Warsaw,2022-08-14,5.890416666666666,6.637083333333333,47.519583333333344,6.567916666666666,5.748750000000001,212.57999999999996
Warsaw,2022-08-15,4.781249999999999,5.672083333333333,30.361666666666675,7.909999999999999,6.707083333333332,220.64541666666665
Warsaw,2022-08-16,12.676666666666664,14.441666666666668,24.26625,16.530000000000005,16.761666666666667,288.79541666666665
Warsaw,2022-08-17,16.887083333333333,20.029583333333335,25.08708333333333,16.232916666666668,24.490416666666665,372.17125000000004
Warsaw,2022-08-18,14.176250000000003,18.017083333333332,39.44833333333333,14.314999999999998,18.319583333333338,331.2120833333333
Warsaw,2022-08-19,7.2145833333333345,8.7575,59.55916666666667,7.1504166666666675,6.437916666666665,219.53458333333333
Warsaw,2022-08-20,5.754166666666667,7.081666666666666,57.10208333333333,5.852500000000002,5.267083333333335,199.64666666666665
Warsaw,2022-08-21,4.302916666666667,5.517916666666667,43.86166666666666,8.295416666666666,7.792916666666667,216.61249999999995
Warsaw,2022-08-22,5.589583333333334,7.107500000000001,32.86083333333334,11.165833333333332,10.197083333333332,246.44500000000002
Warsaw,2022-08-23,22.7175,51.025000000000006,33.651666666666664,17.11083333333333,15.64625,278.36375000000004
Warsaw,2022-08-24,32.69041666666666,66.925,19.820833333333336,24.311666666666664,22.922499999999996,349.7795833333333
Warsaw,2022-08-25,15.327916666666667,22.2075,49.30875,11.685,11.84375,252.70291666666662
Warsaw,2022-08-26,10.512499999999998,14.225000000000001,52.97666666666667,13.165833333333333,14.846666666666664,278.29375000000005
Warsaw,2022-08-27,13.978333333333332,16.824583333333333,45.45749999999999,19.132083333333334,19.421250000000004,307.1520833333333
Warsaw,2022-08-28,18.362083333333334,22.135833333333334,62.961666666666666,11.51625,11.334999999999999,260.0745833333333
Warsaw,2022-08-29,8.659583333333332,9.93625,56.23666666666667,7.512083333333336,5.449583333333334,220.43749999999997
Warsaw,2022-08-30,2.914583333333334,3.9670833333333335,46.92416666666667,7.106666666666666,5.5370833333333325,196.93291666666664
Warsaw,2022-08-31,3.1812500000000004,4.274166666666667,38.70583333333333,9.932500000000001,9.779583333333335,214.7341666666667
Warsaw,2022-09-01,5.735833333333333,7.356249999999999,34.593333333333334,14.082916666666668,16.207500000000003,256.18125000000003
Warsaw,2022-09-02,8.6275,11.784583333333332,33.89583333333333,17.9,22.311666666666667,304.8575
Warsaw,2022-09-03,7.932916666666666,11.04166666666667,35.65833333333333,16.477500000000003,18.583750000000002,290.39458333333334
Warsaw,2022-09-04,9.468750000000002,12.190833333333332,41.25333333333334,11.961666666666668,14.588749999999997,284.4820833333334
Warsaw,2022-09-05,5.946249999999999,8.04125,51.14000000000001,13.244583333333331,17.557916666666667,258.75416666666666
Warsaw,2022-09-06,5.866250000000001,8.19375,50.25333333333333,13.005416666666669,16.113333333333333,256.4591666666667
Warsaw,2022-09-07,6.493750000000001,8.744166666666667,55.089166666666664,13.411250000000003,16.115,260.63124999999997
Warsaw,2022-09-08,4.279583333333334,5.585000000000001,66.92083333333332,7.323333333333333,7.890000000000001,208.68583333333336
Warsaw,2022-09-09,6.724166666666666,7.971666666666665,48.63749999999999,11.037083333333335,10.372083333333332,228.98999999999992
Warsaw,2022-09-10,6.1000000000000005,7.55,27.104583333333334,10.64875,10.803749999999999,226.00125
Warsaw,2022-09-11,6.135416666666664,6.829583333333333,41.03708333333332,9.35875,7.745833333333333,214.17875
Warsaw,2022-09-12,17.8825,20.419166666666666,41.737500000000004,18.89166666666667,25.215,377.80375
Warsaw,2022-09-13,42.46916666666667,48.0525,23.39125,27.221666666666664,53.45583333333334,605.1958333333333
Warsaw,2022-09-14,12.5525,15.32,41.34916666666667,16.688333333333336,16.940833333333334,303.7441666666667
Warsaw,2022-09-15,8.618333333333334,13.086666666666666,43.169999999999995,15.013749999999996,13.089166666666669,263.2058333333334
Warsaw,2022-09-16,3.4512500000000004,5.348333333333333,58.202916666666674,8.036249999999999,6.8691666666666675,205.48666666666668
Warsaw,2022-09-17,3.7579166666666666,5.013333333333333,43.67541666666667,9.910833333333334,7.133333333333333,218.28291666666667
Warsaw,2022-09-18,3.0258333333333325,4.120416666666666,34.97291666666667,8.3325,5.52375,206.66958333333332
Warsaw,2022-09-19,3.8120833333333333,5.074166666666668,36.56749999999999,10.520416666666668,7.5304166666666665,219.8116666666666
Warsaw,2022-09-20,4.517500000000001,6.1499999999999995,24.322916666666668,11.981666666666667,9.809166666666666,228.15625
Warsaw,2022-09-21,4.150416666666667,5.471666666666668,19.625,12.630416666666667,10.071666666666667,226.90541666666664
Warsaw,2022-09-22,7.978333333333334,9.867916666666668,14.14625,15.569166666666666,15.3775,269.11499999999995
Warsaw,2022-09-23,11.942083333333336,15.1475,23.593333333333334,18.967083333333335,19.999166666666667,332.60416666666663
Warsaw,2022-09-24,30.13625,36.525000000000006,21.036250000000003,28.163750000000004,42.75666666666666,542.4716666666666
Warsaw,2022-09-25,21.64625,26.73958333333333,19.783749999999998,21.842083333333335,22.066666666666663,385.3829166666667
Warsaw,2022-09-26,34.22208333333334,39.13958333333333,27.500416666666666,20.966250000000002,26.274583333333336,423.49125
Warsaw,2022-09-27,14.498333333333335,16.58,27.0425,14.900416666666665,13.128750000000002,287.19499999999994
Warsaw,2022-09-28,7.282083333333335,8.410000000000002,29.831666666666663,14.596666666666664,11.105833333333335,256.04166666666663
Warsaw,2022-09-29,30.553749999999997,34.49166666666667,18.714583333333337,20.24875,31.871250000000003,526.4083333333333
Warsaw,2022-09-30,63.80458333333334,72.50875,4.127083333333334,28.76125,44.9625,827.9279166666665
Warsaw,2022-10-01,58.78916666666666,64.92625,12.702499999999999,22.42333333333333,42.08624999999999,743.3695833333333
Warsaw,2022-10-02,4.692916666666667,5.5625,36.86625,9.239166666666668,6.861666666666667,227.52999999999997
Warsaw,2022-10-03,2.6558333333333337,3.4133333333333336,47.1325,6.505000000000002,5.8620833333333335,204.23541666666662
Warsaw,2022-10-04,5.2633333333333345,6.8187500000000005,41.716249999999995,9.508750000000001,9.188749999999999,226.62666666666664
Warsaw,2022-10-05,10.123333333333333,13.628750000000004,34.824999999999996,16.54,14.33458333333333,267.16708333333344
Warsaw,2022-10-06,12.425416666666669,15.164166666666667,53.84499999999999,12.893750000000002,12.782916666666667,257.57125
Warsaw,2022-10-07,20.497916666666672,25.047083333333337,31.548750000000002,18.977500000000003,22.942916666666665,362.78249999999997
Warsaw,2022-10-08,18.900833333333335,21.691666666666666,40.84458333333333,12.587916666666665,10.088750000000003,261.1879166666666
Warsaw,2022-10-09,16.728333333333335,21.04791666666667,27.81125,13.355000000000002,22.724166666666665,355.61999999999995
Warsaw,2022-10-10,19.96625,25.08333333333334,26.359583333333333,15.89125,34.16374999999999,375.3708333333332
Warsaw,2022-10-11,12.226249999999999,15.52375,29.688333333333336,17.653750000000002,16.71666666666667,292.8958333333333
Warsaw,2022-10-12,43.55125,56.120416666666664,13.105416666666668,24.84,66.68208333333332,656.585
Warsaw,2022-10-13,41.719166666666666,52.43833333333333,23.38875,26.207083333333333,64.97874999999999,581.4829166666667
Warsaw,2022-10-14,16.42375,20.53625,16.995416666666667,20.755416666666665,19.97041666666667,332.39500000000004
Warsaw,2022-10-15,13.939166666666663,16.059583333333336,37.52166666666667,12.452083333333334,10.536666666666665,280.93708333333336
Warsaw,2022-10-16,11.789583333333331,13.756666666666666,44.76291666666666,12.51625,11.227916666666667,247.69750000000002
Warsaw,2022-10-17,27.285000000000007,31.420833333333334,36.504583333333336,17.078333333333337,21.71666666666667,342.27
Warsaw,2022-10-18,15.749999999999998,18.342916666666664,39.52958333333333,17.00708333333333,15.865000000000002,284.4129166666667
Warsaw,2022-10-19,4.656666666666667,5.837083333333335,38.07833333333333,9.592916666666666,8.503749999999998,228.9920833333333
Warsaw,2022-10-20,52.814166666666665,61.731249999999996,21.330416666666665,34.70875,105.66916666666667,803.7287499999999
Warsaw,2022-10-21,10.422083333333331,13.657083333333334,35.14958333333333,19.792916666666667,15.29875,286.9170833333333
Warsaw,2022-10-22,13.234166666666669,15.012083333333335,20.65625,17.963333333333328,12.889166666666668,298.04375000000005
Warsaw,2022-10-23,16.41125,18.926666666666666,14.87166666666667,13.290833333333337,17.895416666666666,383.29749999999996
Warsaw,2022-10-24,22.924999999999997,26.331666666666663,9.045416666666666,20.882083333333334,20.360416666666662,396.7875000000001
Warsaw,2022-10-25,10.126666666666667,12.26375,15.693750000000001,18.021250000000006,15.153750000000002,308.6129166666666
Warsaw,2022-10-26,28.64916666666667,34.52958333333334,8.872916666666665,18.228749999999998,35.57541666666667,520.98625
Warsaw,2022-10-27,46.36541666666667,54.48125000000001,5.117083333333334,22.65541666666667,36.90541666666667,578.2829166666667
Warsaw,2022-10-28,32.647916666666674,36.21958333333334,19.542083333333334,20.863333333333333,19.287499999999998,393.45
Warsaw,2022-10-29,12.600000000000001,20.71083333333333,33.311249999999994,11.742500000000001,8.722499999999998,264.665
Warsaw,2022-10-30,32.4468,38.396800000000006,16.5772,16.396399999999996,28.859599999999997,494.8052
Warsaw,2022-10-31,56.858749999999986,66.31541666666666,1.8195833333333333,19.88458333333333,34.90749999999999,647.96125
Warsaw,2022-11-01,122.88208333333331,151.32291666666669,1.8999999999999997,27.447083333333335,76.155,1002.8874999999999
Warsaw,2022-11-02,31.065833333333334,38.73583333333332,9.595833333333333,21.905833333333334,22.72458333333333,392.4766666666667
Warsaw,2022-11-03,43.24333333333333,52.231666666666676,15.029166666666667,27.15333333333334,77.33458333333334,625.2370833333333
Warsaw,2022-11-04,11.195416666666668,13.859166666666667,39.937083333333334,14.339583333333335,12.332083333333332,268.4791666666667
Warsaw,2022-11-05,14.863749999999996,16.94,18.93458333333334,16.049166666666668,17.706666666666667,332.5066666666667
Warsaw,2022-11-06,38.35416666666666,48.094166666666666,12.988333333333332,29.11,72.5725,581.065
Warsaw,2022-11-07,15.028333333333334,19.050833333333333,17.3875,22.120833333333334,18.342916666666664,334.48125
Warsaw,2022-11-08,22.370416666666667,27.169583333333332,22.15041666666667,24.055000000000003,21.67458333333333,376.62208333333325
Warsaw,2022-11-09,19.54625,23.59875,27.929166666666664,23.5475,18.759999999999998,353.2562500000001
Warsaw,2022-11-10,17.285833333333333,20.53166666666667,9.571666666666667,21.81375,18.359166666666667,352.5625
Warsaw,2022-11-11,11.605833333333335,15.35583333333333,15.090833333333336,20.378749999999997,15.661249999999995,299.99083333333334
Warsaw,2022-11-12,16.143333333333334,20.19125,13.522083333333333,21.662916666666664,19.34958333333333,333.78625
Warsaw,2022-11-13,45.861250000000005,53.11833333333334,9.187083333333332,26.47541666666666,49.21833333333333,655.3341666666665
Warsaw,2022-11-14,20.45,25.61666666666666,20.505833333333335,27.039583333333326,27.497500000000002,387.0525
Warsaw,2022-11-15,91.03541666666668,102.19916666666666,8.145416666666668,33.7725,125.63708333333335,957.9658333333332
Warsaw,2022-11-16,11.985000000000001,13.767916666666665,21.275833333333335,15.194583333333334,14.269583333333335,284.83
Warsaw,2022-11-17,13.844166666666666,17.098333333333333,21.906250000000004,19.667499999999997,30.990416666666665,352.00499999999994
Warsaw,2022-11-18,15.287500000000001,18.783333333333328,17.617083333333337,23.886666666666667,32.25625000000001,362.01833333333326
Warsaw,2022-11-19,11.615416666666668,14.237499999999999,26.654166666666665,24.386666666666674,32.10208333333333,340.60083333333336
Warsaw,2022-11-20,16.467083333333335,20.460416666666664,20.43458333333334,24.768333333333334,32.52458333333333,366.19166666666666
Warsaw,2022-11-21,33.26708333333334,39.197083333333325,4.8670833333333325,30.267083333333332,40.3225,503.4604166666666
Warsaw,2022-11-22,22.282499999999995,27.27,3.915000000000001,24.44,28.719583333333336,416.39833333333326
Warsaw,2022-11-23,13.492499999999998,16.324583333333333,24.783749999999998,18.070833333333336,18.859166666666667,326.69374999999997
Warsaw,2022-11-24,17.67916666666667,20.168333333333333,21.857916666666664,23.530833333333334,38.122083333333336,392.19874999999996
Warsaw,2022-11-25,66.74916666666665,74.18541666666665,0.2841666666666667,31.502083333333328,83.68666666666668,901.4995833333336
Warsaw,2022-11-26,87.18541666666665,94.08416666666666,0.8470833333333333,34.50083333333333,52.23333333333333,1041.9675
Warsaw,2022-11-27,44.73,51.137499999999996,2.9029166666666666,27.253749999999997,42.815416666666664,653.9416666666666
Warsaw,2022-11-28,31.888333333333335,35.9825,7.974583333333334,23.619999999999994,25.33333333333334,501.65166666666664
Warsaw,2022-11-29,12.925833333333335,15.52875,24.73541666666667,15.622916666666667,17.697916666666664,331.2825
Warsaw,2022-11-30,12.53125,15.559166666666664,21.11666666666667,16.736666666666668,23.34958333333333,361.0445833333333
Warsaw,2022-12-01,13.247083333333336,16.256666666666664,20.991666666666667,20.120833333333337,23.662916666666664,324.4683333333333
Warsaw,2022-12-02,11.519166666666665,14.2425,44.77666666666668,17.035833333333333,25.491250000000004,303.60583333333335
Warsaw,2022-12-03,14.943750000000001,18.135,26.290000000000003,18.078750000000003,24.204583333333332,323.63374999999996
Warsaw,2022-12-04,12.514999999999999,14.9675,36.46291666666667,12.273333333333332,13.177083333333336,284.1345833333333
Warsaw,2022-12-05,16.28291666666667,20.24958333333333,24.438333333333343,19.44375,22.38083333333333,338.79333333333335
Warsaw,2022-12-06,60.720000000000006,66.5275,2.2791666666666663,32.82249999999999,55.94875000000001,844.8945833333333
Warsaw,2022-12-07,11.58375,12.826666666666666,15.668749999999998,21.241249999999997,13.8675,383.9929166666666
Warsaw,2022-12-08,11.143750000000002,13.525416666666667,28.85999999999999,22.745000000000005,16.345000000000002,329.75208333333336
Warsaw,2022-12-09,20.634999999999998,23.81,13.86,28.615000000000002,17.52,405.55
Warsaw,2022-12-10,,,,,,
Warsaw,2022-12-11,7.655,8.552727272727275,31.527727272727272,13.070454545454549,16.922727272727272,328.1731818181818
Warsaw,2022-12-12,4.789583333333333,6.009166666666668,50.57291666666668,12.647916666666667,13.799583333333336,288.58666666666664
Warsaw,2022-12-13,8.90625,11.125416666666666,24.776249999999994,18.68208333333333,24.994583333333328,340.18375
Warsaw,2022-12-14,25.74916666666667,30.45916666666666,11.41916666666667,31.259999999999994,47.365416666666654,498.4533333333333
Warsaw,2022-12-15,48.81999999999999,56.75708333333333,5.463750000000001,37.165,87.01333333333332,728.90625
Warsaw,2022-12-16,24.57875,27.404166666666665,22.66625,27.667916666666667,39.626250000000006,475.6458333333334
Warsaw,2022-12-17,10.679166666666667,12.567916666666664,43.07874999999999,19.150000000000006,25.21291666666667,350.33625000000006
Warsaw,2022-12-18,58.00041666666666,66.33874999999999,8.488750000000001,34.31583333333334,92.94458333333334,763.6754166666666
Warsaw,2022-12-19,16.882916666666667,19.604999999999997,34.15333333333333,23.419999999999998,28.05416666666667,393.03375000000005
Warsaw,2022-12-20,14.607916666666668,17.380416666666665,34.24333333333333,21.72041666666667,18.582500000000003,372.1720833333334
Warsaw,2022-12-21,21.72833333333334,25.15375,24.527916666666666,26.825833333333332,20.852083333333336,415.70166666666665
Warsaw,2022-12-22,21.374583333333334,24.791249999999994,19.9075,26.253749999999997,17.455000000000002,425.02
Warsaw,2022-12-23,11.160833333333334,13.075833333333334,12.78375,22.220416666666665,18.385,369.80833333333334
Warsaw,2022-12-24,23.32833333333333,26.19,0.6358333333333334,22.247500000000002,24.965000000000003,470.3604166666667
Warsaw,2022-12-25,13.665,15.57,6.57,19.795,12.515,355.48
Warsaw,2022-12-26,10.80590909090909,12.489545454545453,19.25090909090909,20.142272727272726,15.12681818181818,343.4968181818181
Warsaw,2022-12-27,6.0925,7.5108333333333315,41.1575,14.172500000000001,10.65625,273.0104166666666
Warsaw,2022-12-28,12.59708333333333,15.558750000000002,38.12541666666666,21.070833333333333,17.235833333333336,323.0770833333334
Warsaw,2022-12-29,8.928333333333333,11.27875,47.17666666666667,17.39375,15.115000000000002,296.09666666666675
Warsaw,2022-12-30,12.931249999999999,16.22791666666667,26.807500000000008,20.60666666666667,18.154583333333335,353.11791666666664
Warsaw,2022-12-31,8.638750000000002,10.607083333333332,36.25708333333334,14.959583333333336,9.302916666666665,323.0766666666667
Warsaw,2023-01-01,4.361249999999999,6.361250000000001,44.866666666666674,10.731250000000001,10.029583333333335,260.3533333333333
Warsaw,2023-01-02,14.538333333333332,19.063333333333336,16.61208333333333,21.977499999999996,19.739583333333332,379.96000000000004
Warsaw,2023-01-03,7.240416666666666,9.310833333333333,36.209999999999994,14.662083333333335,12.934166666666668,296.09666666666664
Warsaw,2023-01-04,16.234166666666667,19.56125,32.164583333333326,21.385416666666668,24.5925,372.1716666666668
Warsaw,2023-01-05,2.4425000000000003,3.0670833333333327,44.50916666666666,8.938749999999999,7.343333333333333,250.19916666666668
Warsaw,2023-01-06,11.177499999999997,13.518333333333333,25.645,28.285,33.80875,359.9333333333334
Warsaw,2023-01-07,24.009583333333335,28.57833333333333,6.815416666666667,27.603333333333335,28.10916666666668,462.0150000000001
Warsaw,2023-01-08,9.738333333333335,11.854583333333332,31.471666666666664,14.566666666666665,11.729166666666666,298.3216666666668
Warsaw,2023-01-09,16.597916666666666,19.225416666666664,23.171666666666667,20.127916666666664,17.77166666666667,351.58750000000003
Warsaw,2023-01-10,28.50708333333333,32.94416666666666,3.534166666666667,24.404166666666658,32.14625,525.71375
Warsaw,2023-01-11,41.67249999999999,46.04916666666667,12.612916666666665,24.904999999999998,48.24499999999998,608.7420833333334
Warsaw,2023-01-12,11.032083333333333,13.59625,25.613750000000007,20.83416666666667,15.412916666666668,345.05041666666665
Warsaw,2023-01-13,7.813333333333333,9.6225,41.49999999999999,19.907083333333333,14.780833333333334,323.9116666666667
Warsaw,2023-01-14,7.759166666666668,10.008750000000001,30.845,16.663749999999997,11.844166666666666,302.7716666666667
Warsaw,2023-01-15,4.172083333333333,5.2108333333333325,51.58875000000001,10.584999999999997,8.81875,273.01041666666674
Warsaw,2023-01-16,12.88875,15.745833333333335,25.685833333333346,21.66333333333333,19.154166666666665,359.37583333333345
Warsaw,2023-01-17,18.65875,22.72666666666667,27.407499999999995,24.11833333333333,29.005000000000006,449.0812500000001
Warsaw,2023-01-18,18.22,21.354166666666668,14.514583333333333,28.096249999999994,27.762083333333322,460.0683333333334
Warsaw,2023-01-19,35.78833333333334,40.026666666666664,7.37625,34.10166666666666,42.20041666666667,647.8225000000001
Warsaw,2023-01-20,21.232500000000005,24.319999999999997,29.06,25.683333333333326,37.39166666666667,456.3129166666667
Warsaw,2023-01-21,5.947083333333333,6.980416666666667,34.19833333333334,10.962083333333334,9.631249999999998,301.93750000000006
Warsaw,2023-01-22,13.847916666666665,15.614166666666664,35.897083333333335,13.045416666666668,12.991666666666665,311.1158333333333
Warsaw,2023-01-23,23.73708333333333,27.600833333333338,21.887500000000003,22.577083333333334,27.054999999999993,398.1791666666666
Warsaw,2023-01-24,59.229583333333345,69.14041666666665,1.3304166666666666,26.082916666666666,60.78208333333334,739.8916666666668
Warsaw,2023-01-25,61.81416666666666,70.18833333333335,16.6225,38.013749999999995,96.20083333333334,786.7624999999999
Warsaw,2023-01-26,61.47624999999999,70.6,10.852083333333333,38.42916666666666,85.12541666666668,782.4495833333332
Warsaw,2023-01-27,58.52875000000001,67.71416666666667,7.126666666666666,38.21333333333333,86.54541666666667,774.6616666666667
Warsaw,2023-01-28,14.550833333333332,17.499999999999996,12.870416666666669,21.727500000000006,25.177916666666672,397.48374999999993
Warsaw,2023-01-29,8.852083333333333,10.977083333333333,48.56333333333334,13.772499999999999,15.034583333333332,295.67875000000004
Warsaw,2023-01-30,7.948333333333334,9.009583333333333,49.24833333333333,13.255000000000003,10.532499999999999,283.7179166666666
Warsaw,2023-01-31,3.711666666666668,5.665833333333334,51.78208333333333,10.502916666666666,9.912083333333333,265.4991666666667
Warsaw,2023-02-01,2.863750000000001,3.750833333333333,49.18833333333333,11.056249999999999,8.727500000000001,265.7775
Warsaw,2023-02-02,5.498333333333332,6.683333333333333,43.19875,14.904166666666667,12.537916666666662,295.1233333333334
Warsaw,2023-02-03,7.206250000000002,9.149583333333334,40.95541666666667,18.225416666666668,21.31625,316.67875
Warsaw,2023-02-04,8.569583333333332,10.305416666666668,35.59499999999999,14.758750000000001,22.78125,334.48125000000005
Warsaw,2023-02-05,28.954583333333332,34.432916666666664,20.914583333333336,23.911666666666665,61.57666666666666,554.2233333333334
Warsaw,2023-02-06,38.151666666666664,46.27541666666667,10.485833333333336,36.90083333333334,64.79083333333331,613.4704166666667
Warsaw,2023-02-07,25.25583333333334,30.08875,27.60208333333333,27.182500000000005,38.19708333333333,445.32541666666674
Warsaw,2023-02-08,71.02125,84.27166666666666,6.184583333333332,40.92666666666666,103.35375000000003,894.5454166666667
Warsaw,2023-02-09,33.55041666666667,39.72749999999999,30.401249999999994,31.565833333333334,45.71708333333334,504.57333333333327
Warsaw,2023-02-10,19.480833333333333,22.565,43.61625000000001,19.313750000000002,15.880416666666669,345.19041666666675
Warsaw,2023-02-11,21.36375,23.455416666666665,46.16416666666666,14.3375,7.8862499999999995,304.85791666666665
Warsaw,2023-02-12,20.756249999999998,24.66916666666666,41.673333333333325,23.86916666666667,36.65916666666667,445.32625
Warsaw,2023-02-13,9.180833333333334,11.726666666666667,56.9375,13.09125,11.397499999999999,278.15458333333333
Warsaw,2023-02-14,18.749583333333337,22.889166666666664,43.778749999999995,18.512916666666666,17.104166666666668,333.9241666666667
Warsaw,2023-02-15,29.29291666666667,34.40708333333333,26.955416666666665,32.215833333333336,30.62708333333333,449.4979166666667
Warsaw,2023-02-16,56.81833333333335,62.967083333333335,27.107083333333335,31.616666666666674,27.07041666666667,494.42
Warsaw,2023-02-17,43.26416666666666,45.31708333333335,37.550416666666656,20.70625,12.805416666666666,390.94583333333327
Warsaw,2023-02-18,1.98125,3.454166666666666,72.47874999999999,6.298333333333333,5.406666666666667,239.76999999999998
Warsaw,2023-02-19,3.1558333333333337,4.224583333333333,64.31249999999999,8.404583333333331,7.736666666666667,258.2658333333333
Warsaw,2023-02-20,5.447499999999999,6.549999999999998,59.217083333333335,10.357083333333334,7.740833333333332,260.3533333333334
Warsaw,2023-02-21,2.6750000000000003,4.706666666666666,68.69333333333334,7.522083333333332,7.272500000000001,248.11333333333332
Warsaw,2023-02-22,10.392083333333332,13.334583333333335,35.85583333333334,21.474166666666665,26.577916666666656,362.01874999999995
Warsaw,2023-02-23,12.925,17.990000000000002,21.1,22.875,28.37,408.89
Warsaw,2023-02-24,,,,,,
Warsaw,2023-02-25,7.663636363636365,8.931363636363637,38.517727272727264,17.339545454545455,12.514999999999999,318.0081818181819
Warsaw,2023-02-26,9.2025,11.00625,42.69916666666666,18.67916666666667,24.112499999999997,357.84583333333336
Warsaw,2023-02-27,40.26083333333333,46.376666666666665,35.318333333333335,31.237916666666667,83.57541666666667,669.3804166666665
Warsaw,2023-02-28,105.54416666666673,121.46250000000002,9.741666666666669,56.921250000000015,158.74750000000003,1272.8379166666664
Warsaw,2023-03-01,31.52416666666667,37.53083333333334,28.92041666666667,31.780833333333334,35.415833333333325,484.4066666666667
Warsaw,2023-03-02,62.37666666666667,71.74833333333333,13.875833333333333,46.94,78.67791666666666,805.6745833333333
Warsaw,2023-03-03,22.05125,26.698333333333334,43.16750000000001,25.53583333333334,23.146249999999995,408.3320833333334
Warsaw,2023-03-04,15.900000000000002,18.045,56.144999999999996,12.125,6.05,292.06500000000005
Warsaw,2023-03-05,5.870454545454546,7.505000000000001,70.7459090909091,11.99909090909091,12.877272727272727,292.51909090909083
Warsaw,2023-03-06,12.23166666666667,14.764583333333333,45.32250000000001,23.62666666666667,23.285833333333333,357.98500000000007
Warsaw,2023-03-07,19.196666666666662,22.00125,39.23458333333333,21.849583333333328,29.85166666666667,416.5370833333333
Warsaw,2023-03-08,8.836666666666666,10.487083333333333,57.75708333333332,17.764166666666664,15.772916666666665,323.7725
Warsaw,2023-03-09,11.144583333333335,13.176250000000001,48.23499999999999,20.36375,21.87041666666667,351.03125
Warsaw,2023-03-10,18.58458333333333,22.13625,34.88291666666667,22.951249999999998,22.2375,415.14624999999995
Warsaw,2023-03-11,8.722083333333336,9.989166666666664,47.838333333333345,12.370833333333332,8.613750000000001,310.56
Warsaw,2023-03-12,8.28375,10.349166666666667,65.34833333333334,13.965833333333334,12.760416666666666,308.05750000000006
Warsaw,2023-03-13,10.034583333333332,11.710833333333333,50.545416666666675,16.53625,13.371666666666668,315.2887500000001
Warsaw,2023-03-14,9.45375,11.369166666666667,65.05833333333334,12.948749999999999,11.89625,292.48
Warsaw,2023-03-15,8.74625,11.354583333333332,57.34708333333334,16.915,16.454166666666666,326.6925
Warsaw,2023-03-16,25.952916666666663,31.850000000000005,32.70791666666667,27.428749999999997,38.64875000000001,493.3079166666666
Warsaw,2023-03-17,29.315416666666675,35.88250000000001,41.37375,23.422083333333333,36.84041666666667,500.1225000000001
Warsaw,2023-03-18,8.63,10.36125,74.8325,9.663749999999999,10.594583333333334,273.70416666666665
Warsaw,2023-03-19,36.01916666666667,41.23833333333333,46.244583333333345,26.457916666666666,27.150416666666672,450.1937500000001
Warsaw,2023-03-20,46.96333333333332,53.729166666666664,23.196250000000003,31.159583333333334,32.62375000000001,552.8320833333333
Warsaw,2023-03-21,50.761666666666656,57.4575,16.719583333333336,25.504583333333333,43.76458333333334,710.5475
Warsaw,2023-03-22,43.47666666666667,49.18958333333333,19.122916666666665,31.01625000000001,24.983750000000004,604.4304166666665
Warsaw,2023-03-23,15.755000000000003,18.67625,50.9475,17.22458333333333,14.910833333333331,328.0850000000001
Warsaw,2023-03-24,17.449583333333333,20.027916666666673,49.36958333333334,18.45,16.74833333333333,348.52791666666667
Warsaw,2023-03-25,9.78,12.222499999999998,41.53666666666667,14.840000000000003,12.467083333333333,307.22166666666664
Warsaw,2023-03-26,6.626521739130436,8.431304347826087,46.82608695652174,13.48,11.005217391304347,297.50565217391306
Warsaw,2023-03-27,14.087916666666665,17.725833333333334,39.224583333333335,18.346666666666675,19.870416666666667,378.42874999999987
Warsaw,2023-03-28,11.35375,13.96208333333333,62.13291666666667,16.444583333333334,24.244583333333328,357.84666666666664
Warsaw,2023-03-29,17.045,20.97208333333333,69.02041666666666,21.772499999999997,16.549166666666668,400.68375
Warsaw,2023-03-30,24.235000000000003,27.765833333333333,50.33541666666667,27.860833333333332,22.555833333333336,412.9220833333333
Warsaw,2023-03-31,7.657999999999999,8.947999999999999,37.8,8.629000000000001,4.578,282.05
